draw_date,issue,f1,f2,f3,f4,f5,b1,b2,f1_omission,f2_omission,f3_omission,f4_omission,f5_omission,b1_omission,b2_omission,front_struct,back_struct,front_sum,front_span,front_odd_even,front_big_small,front_consec_pairs,front_hot,front_warm,front_cold,back_hot,back_warm,back_cold
2026-10-05,26113,2,4,6,10,11,1,10,5,17,8,0,1,1,5,重1 短1 中1 偏1 大1,重0 短1 中1 长0,33,9,奇1偶4,大0小5,1,2,3,0,1,1,0
2026-09-30,26112,1,3,5,10,22,3,9,3,1,3,0,4,0,1,重1 短1 中3 偏0 大0,重1 短1 中0 长0,41,21,奇3偶2,大1小4,0,4,0,1,0,1,1
2026-09-28,26111,10,11,17,26,29,1,3,5,9,4,0,11,2,17,重1 短0 中2 偏1 大1,重0 短1 中0 长1,93,19,奇3偶2,大2小3,1,3,1,1,1,0,1
2026-09-26,26110,3,24,25,26,35,7,9,6,19,3,5,1,7,4,重0 短1 中2 偏1 大1,重0 短1 中1 长0,113,32,奇3偶2,大4小1,2,2,0,3,1,1,0
2026-09-23,26109,12,14,16,27,34,4,8,11,1,5,6,3,0,4,重0 短1 中2 偏1 大1,重1 短1 中0 长0,103,22,奇1偶4,大2小3,0,1,4,0,0,1,1
2026-09-21,26108,1,5,7,21,35,1,4,3,0,0,1,4,10,0,重2 短1 中2 偏0 大0,重1 短0 中0 长1,69,34,奇5偶0,大2小3,0,3,0,2,1,0,1
2026-09-19,26107,2,5,7,14,22,4,10,6,12,4,0,13,0,13,重1 短0 中1 偏1 大2,重1 短0 中0 长1,50,20,奇2偶3,大1小4,0,3,2,0,0,1,1
2026-09-16,26106,14,17,21,25,28,4,6,0,2,7,8,3,9,3,重1 短1 中1 偏2 大0,重0 短1 中0 长1,105,14,奇3偶2,大3小2,0,1,2,2,0,0,2
2026-09-14,26105,10,14,30,33,34,9,12,7,0,20,3,22,0,1,重1 短0 中1 偏1 大2,重1 短1 中0 长0,121,24,奇1偶4,大3小2,1,1,2,2,0,2,0
2026-09-12,26104,1,6,14,15,26,8,9,1,3,8,3,2,3,2,重0 短2 中2 偏1 大0,重0 短2 中0 长0,62,25,奇2偶3,大1小4,1,2,2,1,0,2,0
2026-09-09,26103,3,16,17,32,35,2,12,0,10,3,11,16,4,6,重1 短0 中1 偏1 大2,重0 短1 中1 长0,103,32,奇3偶2,大2小3,1,1,1,3,1,1,0
2026-09-07,26102,1,3,7,27,28,6,7,26,4,3,13,16,15,1,重0 短0 中2 偏0 大3,重0 短1 中0 长1,66,27,奇4偶1,大2小3,1,2,2,1,1,0,1
2026-09-05,26101,9,11,18,26,33,9,11,2,0,2,7,1,1,11,重1 短3 中0 偏1 大0,重0 短1 中0 长1,97,24,奇3偶2,大3小2,0,2,2,1,0,1,1
2026-09-02,26100,2,6,11,15,31,7,8,0,4,3,5,14,5,0,重1 短0 中3 偏0 大1,重1 短0 中1 长0,65,29,奇3偶2,大1小4,0,1,3,1,1,1,0
2026-08-31,26099,2,17,20,29,33,8,9,20,4,1,5,4,18,0,重0 短1 中3 偏0 大1,重1 短0 中0 长1,101,31,奇3偶2,大3小2,0,1,2,2,0,2,0
2026-08-29,26098,7,9,18,19,21,2,9,6,1,11,5,17,6,0,重0 短1 中1 偏1 大2,重1 短0 中1 长0,74,14,奇4偶1,大3小2,1,3,1,1,1,1,0
2026-08-26,26097,3,10,12,20,25,1,9,5,0,4,18,0,2,4,重2 短0 中2 偏0 大1,重0 短2 中0 长0,70,22,奇2偶3,大2小3,0,3,1,1,1,1,0
2026-08-24,26096,8,9,10,11,25,4,12,0,5,0,7,11,0,9,重2 短0 中1 偏1 大1,重1 短0 中0 长1,63,17,奇3偶2,大1小4,3,3,1,1,0,1,1
2026-08-22,26095,4,6,8,10,14,4,5,3,15,1,1,0,7,5,重1 短2 中1 偏0 大1,重0 短0 中2 长0,42,10,奇0偶5,大0小5,0,3,2,0,1,0,1
2026-08-19,26094,5,14,15,17,33,1,7,6,3,10,3,1,2,1,重0 短1 中2 偏2 大0,重0 短2 中0 长0,84,28,奇4偶1,大1小4,1,1,2,2,2,0,0
2026-08-17,26093,8,10,22,26,29,3,10,11,5,6,3,0,21,5,重1 短0 中2 偏1 大1,重0 短0 中1 长1,95,21,奇1偶4,大3小2,0,5,0,0,0,1,1
2026-08-15,26092,12,16,19,29,33,7,9,0,4,1,19,7,6,1,重1 短1 中1 偏1 大1,重0 短1 中1 长0,109,21,奇3偶2,大3小2,0,2,1,2,1,1,0
2026-08-12,26091,3,4,7,12,32,1,2,1,5,1,1,6,16,0,重0 短3 中1 偏1 大0,重1 短0 中0 长1,58,29,奇2偶3,大1小4,1,3,1,1,2,0,0
2026-08-10,26090,9,14,17,19,24,2,9,1,0,25,12,1,7,6,重1 短2 中0 偏0 大2,重0 短0 中2 长0,83,15,奇3偶2,大2小3,0,1,1,3,1,1,0
2026-08-08,26089,3,7,12,14,26,5,11,0,26,19,3,5,0,0,重1 短0 中2 偏0 大2,重2 短0 中0 长0,62,23,奇2偶3,大1小4,0,4,1,0,1,0,1
2026-08-05,26088,3,9,11,24,27,5,11,2,32,1,0,0,2,9,重2 短2 中0 偏0 大1,重0 短1 中0 长1,74,24,奇4偶1,大2小3,0,2,2,1,1,0,1
2026-08-03,26087,5,10,16,24,27,4,10,6,0,3,5,4,2,11,重1 短0 中3 偏1 大0,重0 短1 中0 长1,82,22,奇2偶3,大2小3,0,2,2,1,0,1,1
2026-08-01,26086,10,11,18,22,35,6,12,5,17,4,12,9,3,4,重0 短0 中2 偏1 大2,重0 短2 中0 长0,96,25,奇2偶3,大3小2,1,2,2,1,0,1,1
2026-07-29,26085,3,4,14,28,31,5,7,16,7,1,2,21,0,1,重0 短2 中0 偏1 大2,重1 短1 中0 长0,80,28,奇2偶3,大2小3,1,1,3,1,2,0,0
2026-07-27,26084,13,25,30,32,33,4,5,5,5,11,5,10,8,4,重0 短0 中3 偏1 大1,重0 短1 中1 长0,133,20,奇3偶2,大4小1,1,0,0,5,1,0,1
2026-07-25,26083,14,15,16,23,26,7,9,5,2,0,2,0,2,1,重2 短2 中1 偏0 大0,重0 短2 中0 长0,94,12,奇2偶3,大2小3,2,1,3,1,1,1,0
2026-07-22,26082,16,26,27,28,34,2,6,0,2,2,5,0,5,4,重2 短2 中1 偏0 大0,重0 短1 中1 长0,131,18,奇1偶4,大4小1,2,1,4,0,1,0,1
2026-07-20,26081,8,16,18,24,34,9,12,1,5,5,3,20,8,1,重0 短1 中3 偏0 大1,重0 短1 中1 长0,100,26,奇0偶5,大3小2,0,1,3,1,0,2,0
2026-07-18,26080,5,10,15,21,23,7,8,8,5,3,9,0,2,1,重1 短0 中2 偏2 大0,重0 短2 中0 长0,74,18,奇4偶1,大2小3,0,3,1,1,1,1,0
2026-07-15,26079,6,8,23,26,27,5,12,3,34,4,3,1,12,4,重0 短1 中3 偏0 大1,重0 短1 中0 长1,90,21,奇2偶3,大3小2,1,3,1,1,1,1,0
2026-07-13,26078,2,13,20,25,32,8,11,23,5,1,3,6,12,1,重0 短1 中2 偏1 大1,重0 短1 中0 长1,92,30,奇2偶3,大3小2,0,0,2,3,0,1,1
2026-07-11,26077,4,14,19,24,27,6,7,2,22,7,7,0,8,9,重1 短1 中0 偏2 大1,重0 短0 中1 长1,88,23,奇2偶3,大3小2,0,0,3,2,1,0,1
2026-07-08,26076,15,20,27,28,35,2,11,5,12,18,8,14,2,3,重0 短0 中1 偏1 大3,重0 短2 中0 长0,125,20,奇3偶2,大4小1,1,0,4,1,1,0,1
2026-07-06,26075,1,6,16,18,26,4,10,0,7,7,7,2,8,5,重1 短1 中0 偏3 大0,重0 短0 中2 长0,67,25,奇1偶4,大2小3,0,2,2,1,0,1,1
2026-07-04,26074,1,4,10,23,25,1,12,1,0,0,0,8,10,0,重3 短1 中0 偏1 大0,重1 短0 中0 长1,63,24,奇3偶2,大2小3,0,1,1,3,1,1,0
2026-07-01,26073,4,10,22,23,33,2,12,2,6,1,15,17,1,9,重0 短2 中0 偏1 大2,重0 短1 中0 长1,92,29,奇2偶3,大3小2,1,2,1,2,1,1,0
2026-06-29,26072,1,13,26,29,30,9,11,22,0,0,2,5,18,1,重2 短1 中1 偏0 大1,重0 短1 中0 长1,99,29,奇3偶2,大3小2,1,2,0,3,0,1,1
2026-06-27,26071,5,13,22,26,32,2,3,0,4,2,9,0,0,1,重2 短1 中1 偏1 大0,重1 短1 中0 长0,98,27,奇2偶3,大3小2,0,3,0,2,1,0,1
2026-06-24,26070,4,5,15,21,32,2,11,4,36,5,0,18,5,2,重1 短0 中2 偏0 大2,重0 短1 中1 长0,77,28,奇3偶2,大2小3,1,2,2,1,1,0,1
2026-06-22,26069,12,19,21,24,29,3,10,0,1,0,6,5,19,0,重2 短1 中1 偏1 大0,重1 短0 中0 长1,105,17,奇3偶2,大4小1,0,3,0,2,0,1,1
2026-06-20,26068,3,11,12,21,22,6,10,3,2,2,1,7,20,5,重0 短3 中1 偏1 大0,重0 短0 中1 长1,69,19,奇3偶2,大2小3,2,4,1,0,0,1,1
2026-06-17,26067,6,16,18,19,28,7,11,7,30,8,0,6,2,11,重1 短0 中0 偏3 大1,重0 短1 中0 长1,87,22,奇1偶4,大3小2,1,1,3,1,1,0,1
2026-06-15,26066,10,13,19,21,30,4,5,4,0,6,1,5,0,5,重1 短1 中2 偏1 大0,重1 短0 中1 长0,93,20,奇3偶2,大3小2,0,2,0,3,1,0,1
2026-06-13,26065,4,11,12,13,25,4,8,28,16,3,0,7,2,5,重1 短0 中1 偏1 大2,重0 短1 中1 长0,65,21,奇3偶2,大1小4,2,1,2,2,0,1,1
2026-06-10,26064,3,13,15,17,21,2,7,0,4,0,4,7,2,4,重2 短0 中2 偏1 大0,重0 短2 中0 长0,69,18,奇5偶0,大1小4,0,2,1,2,2,0,0
2026-06-08,26063,3,15,20,29,31,1,12,10,0,0,0,1,2,1,重3 短1 中0 偏1 大0,重0 短2 中0 长0,98,28,奇4偶1,大3小2,0,2,2,1,1,1,0
2026-06-06,26062,7,15,20,24,29,4,10,3,12,6,7,17,4,4,重0 短0 中1 偏2 大2,重0 短2 中0 长0,95,22,奇3偶2,大3小2,0,2,2,1,0,1,1
2026-06-03,26061,10,12,26,31,35,2,12,5,2,1,0,5,8,8,重1 短2 中2 偏0 大0,重0 短0 中2 长0,114,25,奇2偶3,大3小2,0,3,0,2,1,1,0
2026-06-01,26060,22,28,30,31,34,1,5,5,7,3,6,1,1,1,重0 短1 中2 偏2 大0,重0 短2 中0 长0,145,12,奇1偶4,大5小0,1,1,2,2,2,0,0
2026-05-30,26059,6,13,17,19,26,7,8,2,0,9,15,1,12,4,重1 短2 中0 偏1 大1,重0 短1 中0 长1,81,20,奇3偶2,大2小3,0,2,0,3,1,1,0
2026-05-27,26058,7,12,13,18,34,1,5,1,14,6,1,0,1,1,重1 短2 中0 偏1 大1,重0 短2 中0 长0,84,27,奇2偶3,大2小3,1,2,2,1,2,0,0
2026-05-25,26057,23,25,26,27,34,4,10,6,15,11,10,15,1,6,重0 短0 中0 偏2 大3,重0 短1 中1 长0,135,11,奇3偶2,大5小0,2,1,2,2,0,1,1
2026-05-23,26056,6,7,18,21,30,1,5,1,13,4,8,20,7,2,重0 短1 中1 偏1 大2,重0 短1 中1 长0,82,24,奇2偶3,大3小2,1,3,1,1,2,0,0
2026-05-20,26055,9,10,20,33,35,4,11,1,4,1,2,6,8,0,重0 短3 中1 偏1 大0,重1 短0 中1 长0,107,26,奇3偶2,大3小2,1,2,1,2,0,0,2
2026-05-18,26054,2,6,14,22,24,8,11,0,3,0,9,11,3,2,重2 短0 中1 偏1 大1,重0 短2 中0 长0,68,22,奇0偶5,大2小3,0,2,2,1,0,1,1
2026-05-16,26053,2,9,14,20,31,5,9,0,5,2,0,33,16,12,重2 短1 中1 偏0 大1,重0 短0 中0 长2,76,29,奇2偶3,大2小3,0,1,3,1,1,1,0
2026-05-13,26052,2,3,20,28,33,2,12,9,7,3,0,0,0,8,重2 短0 中1 偏2 大0,重1 短0 中1 长0,86,31,奇2偶3,大3小2,1,1,3,1,1,1,0
2026-05-11,26051,13,18,28,32,33,2,11,4,4,3,13,0,1,3,重1 短0 中3 偏0 大1,重0 短2 中0 长0,124,20,奇2偶3,大4小1,1,0,2,3,1,0,1
2026-05-09,26050,6,10,14,23,33,8,10,0,22,0,1,3,7,1,重2 短1 中1 偏0 大1,重0 短1 中1 长0,86,27,奇2偶3,大2小3,0,2,1,2,0,2,0
2026-05-06,26049,1,6,14,15,17,2,3,2,8,5,3,0,7,6,重1 短1 中2 偏1 大0,重0 短0 中2 长0,53,16,奇3偶2,大0小5,1,1,2,2,1,0,1
2026-05-04,26048,11,17,20,23,35,1,10,8,9,0,0,9,15,3,重2 短0 中0 偏3 大0,重0 短1 中0 长1,106,24,奇4偶1,大3小2,0,0,2,3,1,1,0
2026-05-02,26047,9,20,21,23,28,6,11,7,7,1,26,9,5,3,重0 短1 中0 偏3 大1,重0 短1 中1 长0,101,19,奇3偶2,大4小1,1,2,2,1,0,0,2
2026-04-29,26046,1,13,18,27,33,4,7,0,3,12,4,0,0,0,重2 短0 中2 偏0 大1,重2 短0 中0 长0,92,32,奇4偶1,大3小2,0,0,2,3,1,0,1
2026-04-27,26045,1,15,21,26,33,4,7,24,16,4,0,6,23,0,重1 短0 中1 偏1 大2,重1 短0 中0 长1,96,32,奇4偶1,大3小2,0,2,1,2,1,0,1
2026-04-25,26044,3,8,22,26,29,7,10,10,0,0,4,2,5,10,重2 短1 中1 偏1 大0,重0 短0 中1 长1,88,26,奇2偶3,大3小2,0,5,0,0,1,1,0
2026-04-22,26043,8,12,14,19,22,11,12,4,2,21,0,7,8,7,重1 短1 中1 偏1 大1,重0 短0 中2 长0,75,14,奇1偶4,大2小3,0,3,1,1,0,1,1
2026-04-20,26042,2,7,13,19,24,3,8,6,4,1,9,0,16,1,重1 短1 中1 偏2 大0,重0 短1 中0 长1,65,22,奇3偶2,大2小3,0,1,1,3,0,1,1
2026-04-18,26041,24,25,27,29,34,2,6,15,6,1,9,0,7,1,重1 短1 中0 偏2 大1,重0 短1 中1 长0,139,10,奇3偶2,大5小0,1,1,2,2,1,0,1
2026-04-15,26040,6,12,13,21,34,8,9,8,2,2,1,4,2,0,重0 短3 中1 偏1 大0,重1 短1 中0 长0,86,28,奇2偶3,大2小3,1,3,1,1,0,2,0
2026-04-13,26039,9,11,20,26,27,6,9,5,4,31,2,4,0,14,重0 短1 中3 偏0 大1,重1 短0 中0 长1,93,18,奇3偶2,大3小2,1,2,3,0,0,1,1
2026-04-11,26038,8,17,21,33,35,6,7,6,8,13,2,8,0,6,重0 短1 中0 偏3 大1,重1 短0 中1 长0,114,27,奇4偶1,大3小2,0,2,0,3,1,0,1
2026-04-08,26037,7,12,13,28,32,6,8,0,2,6,6,0,14,0,重2 短1 中0 偏2 大0,重1 短0 中0 长1,92,25,奇2偶3,大2小3,1,2,1,2,0,1,1
2026-04-06,26036,4,7,16,26,32,5,8,3,2,8,1,3,4,0,重0 短2 中2 偏1 大0,重1 短1 中0 长0,85,28,奇1偶4,大2小3,0,2,2,1,1,1,0
2026-04-04,26035,2,22,30,33,34,8,12,4,3,6,5,3,0,2,重0 短0 中4 偏1 大0,重1 短1 中0 长0,121,32,奇1偶4,大4小1,1,1,2,2,0,2,0
2026-04-01,26034,11,12,25,26,27,8,11,6,6,10,1,5,7,6,重0 短1 中1 偏3 大0,重0 短0 中2 长0,101,16,奇3偶2,大3小2,3,2,2,1,0,1,1
2026-03-30,26033,3,5,7,9,18,2,10,0,3,31,5,10,21,4,重1 短0 中2 偏1 大1,重0 短1 中0 长1,42,15,奇4偶1,大1小4,0,4,1,0,1,1,0
2026-03-28,26032,3,4,19,26,32,1,12,2,7,13,5,5,3,1,重0 短1 中2 偏1 大1,重0 短2 中0 长0,84,29,奇2偶3,大3小2,1,2,1,2,1,1,0
2026-03-25,26031,6,8,22,29,34,5,7,17,6,0,2,0,0,1,重2 短1 中0 偏1 大1,重1 短1 中0 长0,99,28,奇1偶4,大3小2,0,4,1,0,2,0,0
2026-03-23,26030,2,13,22,28,34,5,12,5,10,3,4,1,0,5,重0 短1 中3 偏1 大0,重1 短0 中1 长0,99,32,奇1偶4,大3小2,0,1,3,1,1,1,0
2026-03-21,26029,3,5,17,33,35,5,7,3,6,7,17,10,6,3,重0 短0 中1 偏3 大1,重0 短1 中1 长0,93,32,奇5偶0,大2小3,0,2,0,3,2,0,0
2026-03-18,26028,15,27,29,30,34,1,10,2,4,2,9,13,0,7,重0 短2 中1 偏1 大1,重1 短0 中1 长0,135,19,奇3偶2,大4小1,1,1,3,1,1,1,0
2026-03-16,26027,9,10,11,12,16,1,11,3,0,0,5,7,0,11,重2 短0 中2 偏1 大0,重1 短0 中0 长1,58,7,奇2偶3,大0小5,3,3,2,0,1,0,1
2026-03-14,26026,10,11,22,26,32,1,8,1,7,13,2,21,2,2,重0 短2 中0 偏1 大2,重0 短2 中0 长0,101,22,奇1偶4,大3小2,1,3,1,1,1,1,0
2026-03-11,26025,3,15,24,28,29,3,7,11,21,8,1,4,9,7,重0 短1 中1 偏1 大2,重0 短0 中1 长1,99,26,奇3偶2,大3小2,1,2,2,1,1,0,1
2026-03-09,26024,2,4,8,10,21,9,12,11,6,2,1,3,13,3,重0 短2 中1 偏1 大1,重0 短1 中0 长1,45,19,奇1偶4,大1小4,0,3,2,0,0,2,0
2026-03-07,26023,9,25,26,27,28,1,8,0,10,0,21,22,4,13,重2 短0 中0 偏1 大2,重0 短1 中0 长1,115,19,奇3偶2,大4小1,3,2,2,1,1,1,0
2026-03-04,26022,5,9,10,18,26,5,6,0,3,1,7,8,0,5,重1 短1 中1 偏2 大0,重1 短0 中1 长0,68,21,奇2偶3,大2小3,1,4,1,0,1,0,1
2026-03-02,26021,5,8,12,14,17,4,5,3,4,1,1,5,1,11,重0 短2 中3 偏0 大0,重0 短1 中0 长1,56,12,奇2偶3,大0小5,0,3,1,1,1,0,1
2026-02-28,26020,1,10,21,23,29,10,12,4,2,8,2,8,8,0,重0 短2 中1 偏2 大0,重1 短0 中1 长0,84,28,奇4偶1,大3小2,0,3,0,2,0,2,0
2026-02-25,26019,12,13,14,16,31,4,12,2,3,7,4,1,5,0,重0 短2 中2 偏1 大0,重1 短0 中1 长0,86,19,奇2偶3,大1小4,2,1,2,2,0,1,1
2026-02-11,26018,9,11,19,30,35,1,12,1,14,1,18,3,1,0,重0 短2 中1 偏0 大2,重1 短1 中0 长0,104,26,奇4偶1,大3小2,0,1,1,3,1,1,0
2026-02-09,26017,4,5,10,23,31,7,12,1,3,1,2,14,14,10,重0 短3 中1 偏0 大1,重0 短0 中0 长2,73,27,奇3偶2,大2小3,1,2,1,2,1,1,0
2026-02-07,26016,8,9,12,19,24,1,6,13,3,6,27,16,1,1,重0 短0 中1 偏1 大3,重0 短2 中0 长0,72,16,奇2偶3,大2小3,1,3,0,2,1,0,1
2026-02-04,26015,1,4,10,13,17,3,11,2,9,22,4,6,7,6,重0 短1 中1 偏2 大1,重0 短0 中2 长0,45,16,奇3偶2,大0小5,0,1,1,3,0,0,2
2026-02-02,26014,16,18,23,34,35,1,6,8,3,0,23,7,0,1,重1 短0 中1 偏2 大1,重1 短1 中0 长0,126,19,奇2偶3,大4小1,1,0,3,2,1,0,1
2026-01-31,26013,3,5,6,23,26,1,4,2,3,4,1,2,0,9,重0 短3 中2 偏0 大0,重1 短0 中0 长1,63,23,奇3偶2,大2小3,1,4,0,1,1,0,1
2026-01-28,26012,1,2,9,22,25,1,6,4,1,8,15,7,11,5,重0 短1 中1 偏2 大1,重0 短0 中1 长1,59,24,奇3偶2,大2小3,1,2,1,2,1,0,1
2026-01-26,26011,14,21,23,29,33,2,10,1,2,4,17,1,0,3,重0 短3 中1 偏0 大1,重1 短1 中0 长0,120,19,奇4偶1,大4小1,0,2,1,2,1,1,0
2026-01-24,26010,2,3,13,18,26,2,9,4,1,0,3,2,6,5,重1 短2 中2 偏0 大0,重0 短0 中2 长0,62,24,奇2偶3,大2小3,1,2,2,1,1,1,0
2026-01-21,26009,5,12,13,14,33,5,8,2,2,1,8,0,0,6,重1 短3 中0 偏1 大0,重1 短0 中1 长0,77,28,奇3偶2,大1小4,2,2,1,2,1,1,0
2026-01-19,26008,3,6,17,21,33,5,11,0,10,35,10,10,3,2,重1 短0 中0 偏3 大1,重0 短2 中0 长0,80,30,奇4偶1,大2小3,0,3,0,2,1,0,1
2026-01-17,26007,1,3,13,20,26,3,10,18,8,6,4,7,10,15,重0 短0 中1 偏3 大1,重0 短0 中0 长2,63,25,奇3偶2,大2小3,0,2,1,2,0,1,1
2026-01-14,26006,5,12,18,23,35,6,12,1,21,1,0,0,0,6,重2 短2 中0 偏0 大1,重1 短0 中1 长0,93,30,奇3偶2,大3小2,0,2,1,2,0,1,1
2026-01-12,26005,2,4,16,23,35,6,11,1,2,1,0,15,22,16,重1 短3 中0 偏0 大1,重0 短0 中0 长2,80,33,奇2偶3,大2小3,0,0,3,2,0,0,2
2026-01-10,26004,5,18,23,25,32,5,9,8,10,2,6,2,3,11,重0 短2 中0 偏3 大0,重0 短1 中0 长1,103,27,奇3偶2,大4小1,0,1,1,3,1,1,0
2026-01-07,26003,2,9,11,15,16,2,4,8,1,6,0,5,1,7,重1 短1 中1 偏2 大0,重0 短1 中1 长0,53,14,奇3偶2,大0小5,1,1,4,0,1,0,1
2026-01-05,26002,4,8,15,20,31,7,8,3,12,1,6,1,4,0,重0 短2 中1 偏1 大1,重1 短1 中0 长0,78,27,奇2偶3,大2小3,0,1,3,1,1,1,0
2026-01-03,26001,7,9,23,27,32,2,8,5,8,12,8,1,4,2,重0 短1 中1 偏2 大1,重0 短2 中0 长0,98,25,奇4偶1,大3小2,0,2,1,2,1,1,0
2025-12-31,25150,13,14,15,28,31,1,5,3,1,5,5,0,10,0,重1 短1 中3 偏0 大0,重1 短0 中0 长1,101,18,奇3偶2,大2小3,2,0,3,2,2,0,0
2025-12-29,25149,24,26,30,31,32,5,12,5,20,0,25,0,3,0,重2 短0 中1 偏0 大2,重1 短1 中0 长0,143,8,奇1偶4,大5小0,2,1,0,4,1,1,0
2025-12-27,25148,3,4,14,30,32,8,12,4,4,5,8,12,0,4,重0 短0 中3 偏1 大1,重1 短1 中0 长0,83,29,奇1偶4,大2小3,1,1,2,2,0,2,0
2025-12-24,25147,6,16,21,25,33,7,8,0,0,8,1,12,3,2,重2 短1 中0 偏1 大1,重0 短2 中0 长0,101,27,奇3偶2,大3小2,0,2,1,2,1,1,0
2025-12-22,25146,6,11,13,16,22,2,3,17,8,1,9,0,3,32,重1 短1 中0 偏2 大1,重0 短1 中0 长1,68,16,奇2偶3,大1小4,0,2,2,1,1,0,1
2025-12-20,25145,5,7,20,22,25,4,5,0,7,45,5,13,5,0,重1 短0 中1 偏1 大2,重1 短0 中1 长0,79,20,奇3偶2,大3小2,0,3,1,1,1,0,1
2025-12-17,25144,2,5,13,15,28,5,8,8,3,3,7,2,6,3,重0 短1 中2 偏2 大0,重0 短1 中1 长0,63,26,奇3偶2,大1小4,0,1,3,1,1,1,0
2025-12-15,25143,3,4,18,24,29,7,12,4,1,2,1,0,4,11,重1 短3 中1 偏0 大0,重0 短1 中0 长1,78,26,奇2偶3,大3小2,1,2,2,1,1,1,0
2025-12-13,25142,9,10,14,27,29,2,9,0,6,12,7,0,0,5,重2 短0 中0 偏2 大1,重1 短0 中1 长0,89,20,奇3偶2,大2小3,1,3,2,0,1,1,0
2025-12-10,25141,4,9,24,28,29,2,10,0,3,17,5,9,0,6,重1 短0 中2 偏1 大1,重1 短0 中1 长0,94,25,奇2偶3,大3小2,1,2,2,1,1,1,0
2025-12-08,25140,4,5,13,18,34,2,8,6,12,9,0,34,9,12,重1 短0 中0 偏2 大2,重0 短0 中0 长2,74,30,奇2偶3,大2小3,1,1,3,1,1,1,0
2025-12-06,25139,8,18,22,30,35,1,4,1,4,1,10,5,3,9,重0 短2 中2 偏1 大0,重0 短1 中0 长1,113,27,奇1偶4,大4小1,0,2,1,2,1,0,1
2025-12-03,25138,1,3,19,21,23,7,11,5,6,5,16,1,2,0,重0 短1 中2 偏1 大1,重1 短1 中0 长0,67,22,奇5偶0,大3小2,0,2,0,3,1,0,1
2025-12-01,25137,7,8,9,11,22,5,11,0,5,4,0,16,9,0,重2 短0 中2 偏0 大1,重1 短0 中0 长1,57,15,奇3偶2,大1小4,2,4,1,0,1,0,1
2025-11-29,25136,7,11,15,16,23,9,11,1,2,16,0,2,1,2,重1 短3 中0 偏0 大1,重0 短2 中0 长0,72,16,奇4偶1,大1小4,1,1,3,1,0,1,1
2025-11-26,25135,2,10,16,28,32,1,7,12,2,4,5,3,15,1,重0 短1 中3 偏0 大1,重0 短1 中0 长1,88,30,奇0偶5,大2小3,0,1,3,1,2,0,0
2025-11-24,25134,7,12,18,27,33,9,10,26,1,7,0,5,2,10,重1 短1 中1 偏1 大1,重0 短1 中0 长1,97,26,奇3偶2,大3小2,0,2,2,1,0,2,0
2025-11-22,25133,4,11,23,27,35,7,11,5,7,20,2,3,0,2,重0 短1 中2 偏1 大1,重1 短1 中0 长0,100,31,奇4偶1,大3小2,0,0,3,2,1,0,1
2025-11-19,25132,1,9,10,12,19,6,7,1,2,6,13,4,5,5,重0 短2 中1 偏1 大1,重0 短0 中2 长0,51,18,奇3偶2,大1小4,1,3,0,2,1,0,1
2025-11-17,25131,3,8,25,29,32,9,12,1,4,7,0,27,6,2,重1 短1 中1 偏1 大1,重0 短1 中1 长0,97,29,奇3偶2,大3小2,0,3,0,2,0,2,0
2025-11-15,25130,1,13,16,27,29,2,11,3,4,7,3,2,0,1,重0 短1 中3 偏1 大0,重1 短1 中0 长0,86,28,奇4偶1,大2小3,0,1,2,2,1,0,1
2025-11-12,25129,3,9,14,28,35,2,4,0,4,4,1,3,8,3,重1 短1 中3 偏0 大0,重0 短1 中1 长0,89,32,奇3偶2,大2小3,0,2,2,1,1,0,1
2025-11-10,25128,3,6,26,30,33,11,12,5,3,3,1,20,2,6,重0 短1 中3 偏0 大1,重0 短1 中1 长0,98,30,奇2偶3,大3小2,0,3,0,2,0,1,1
2025-11-08,25127,4,5,19,28,29,5,8,14,9,1,13,7,4,2,重0 短1 中0 偏2 大2,重0 短2 中0 长0,85,25,奇3偶2,大3小2,2,2,2,1,1,1,0
2025-11-05,25126,1,8,18,27,30,6,7,12,2,8,1,15,17,4,重0 短2 中0 偏1 大2,重0 短1 中0 长1,84,29,奇2偶3,大3小2,0,1,2,2,1,0,1
2025-11-03,25125,10,11,13,19,35,4,11,7,4,1,21,4,1,36,重0 短1 中2 偏1 大1,重0 短1 中0 长1,88,25,奇4偶1,大2小3,1,1,1,3,0,0,2
2025-11-01,25124,6,9,14,26,27,8,9,1,5,8,3,4,3,11,重0 短1 中3 偏1 大0,重0 短1 中0 长1,82,21,奇2偶3,大2小3,1,3,2,0,0,2,0
2025-10-29,25123,8,13,24,25,31,4,10,1,1,10,17,3,0,13,重0 短2 中1 偏1 大1,重1 短0 中0 长1,101,23,奇3偶2,大3小2,1,1,0,4,0,1,1
2025-10-27,25122,2,3,6,16,17,4,5,0,0,5,5,25,3,3,重2 短0 中2 偏0 大1,重0 短2 中0 长0,44,15,奇2偶3,大0小5,2,2,2,1,1,0,1
2025-10-25,25121,2,3,8,13,21,7,12,2,5,1,0,2,1,4,重1 短3 中1 偏0 大0,重0 短2 中0 长0,47,19,奇3偶2,大1小4,1,3,1,1,1,1,0
2025-10-22,25120,11,13,22,26,35,2,8,13,10,3,8,4,6,3,重0 短0 中2 偏2 大1,重0 短1 中1 长0,107,24,奇3偶2,大3小2,0,2,1,2,1,1,0
2025-10-20,25119,8,15,27,29,31,1,7,0,8,23,1,8,3,1,重1 短1 中0 偏2 大1,重0 短2 中0 长0,110,23,奇4偶1,大3小2,0,2,2,1,2,0,0
2025-10-18,25118,2,8,9,12,21,4,5,1,3,3,2,0,14,0,重1 短2 中2 偏0 大0,重1 短0 中0 长1,52,19,奇2偶3,大1小4,1,4,1,0,1,0,1
2025-10-15,25117,5,10,18,21,29,5,7,9,7,3,1,0,1,16,重1 短1 中1 偏2 大0,重0 短1 中0 长1,83,24,奇3偶2,大3小2,0,4,1,0,2,0,0
2025-10-13,25116,2,6,16,22,29,8,12,4,9,1,5,7,5,3,重0 短1 中2 偏2 大0,重0 短1 中1 长0,75,27,奇1偶4,大2小3,0,3,2,0,0,2,0
2025-10-11,25115,3,12,14,21,35,1,5,0,0,1,2,1,0,0,重2 短3 中0 偏0 大0,重2 短0 中0 长0,85,32,奇3偶2,大2小3,0,3,1,1,2,0,0
2025-10-08,25114,3,8,9,12,16,1,5,1,4,2,14,8,16,7,重0 短2 中1 偏1 大1,重0 短0 中1 长1,48,13,奇2偶3,大0小5,1,4,1,0,2,0,0
2025-10-06,25113,1,14,18,28,35,2,3,2,1,4,7,12,1,4,重0 短2 中1 偏1 大1,重0 短2 中0 长0,96,34,奇2偶3,大3小2,0,0,3,2,1,0,1
2025-09-29,25112,3,4,21,23,24,9,12,29,2,0,13,3,2,0,重1 短1 中1 偏0 大2,重1 短1 中0 长0,75,21,奇3偶2,大3小2,2,2,1,2,0,2,0
2025-09-27,25111,2,9,14,21,26,2,12,6,6,2,2,1,0,5,重0 短3 中0 偏2 大0,重1 短0 中1 长0,72,24,奇2偶3,大2小3,0,3,2,0,1,1,0
2025-09-24,25110,1,15,22,30,31,2,8,11,2,5,15,10,5,5,重0 短1 中1 偏1 大2,重0 短0 中2 长0,99,30,奇3偶2,大3小2,1,1,1,3,1,1,0
2025-09-22,25109,4,8,10,13,26,9,10,14,1,6,6,2,7,1,重0 短2 中0 偏2 大1,重0 短1 中1 长0,61,22,奇1偶4,大1小4,0,3,1,1,0,2,0
2025-09-20,25108,14,18,21,24,29,3,6,12,23,29,10,1,16,0,重0 短1 中0 偏1 大3,重1 短0 中0 长1,106,15,奇2偶3,大4小1,0,2,2,1,0,0,2
2025-09-17,25107,5,7,8,15,33,6,10,0,5,3,1,12,11,0,重1 短1 中2 偏0 大1,重1 短0 中0 长1,68,28,奇4偶1,大1小4,1,3,1,1,0,1,1
2025-09-15,25106,5,6,11,26,29,5,10,2,1,9,3,21,2,0,重0 短2 中1 偏1 大1,重1 短1 中0 长0,77,24,奇3偶2,大2小3,1,4,1,0,1,1,0
2025-09-13,25105,15,16,25,28,34,10,12,23,11,7,2,0,6,6,重1 短1 中0 偏1 大2,重0 短0 中2 长0,118,19,奇2偶3,大3小2,1,0,4,1,0,2,0
2025-09-10,25104,2,6,9,22,34,2,8,7,4,1,7,0,1,2,重1 短1 中1 偏2 大0,重0 短2 中0 长0,73,32,奇1偶4,大2小3,0,3,2,0,1,1,0
2025-09-08,25103,5,8,19,32,34,4,5,1,14,1,1,2,0,8,重0 短4 中0 偏0 大1,重1 短0 中1 长0,98,29,奇2偶3,大3小2,0,2,1,2,1,0,1
2025-09-06,25102,9,10,13,26,28,2,4,3,3,6,0,1,1,2,重1 短1 中2 偏1 大0,重0 短2 中0 长0,86,19,奇2偶3,大2小3,1,3,1,1,1,0,1
2025-09-03,25101,5,7,19,26,32,8,9,3,2,5,0,0,13,3,重2 短1 中2 偏0 大0,重0 短1 中0 长1,89,27,奇3偶2,大3小2,0,3,0,2,0,2,0
2025-09-01,25100,26,28,32,34,35,2,7,0,22,2,2,11,0,3,重1 短2 中0 偏0 大2,重1 短1 中0 长0,155,9,奇1偶4,大5小0,1,1,2,2,2,0,0
2025-08-30,25099,6,12,20,26,31,2,4,8,9,11,16,27,5,8,重0 短0 中0 偏2 大3,重0 短0 中2 长0,95,25,奇1偶4,大3小2,0,3,1,1,1,0,1
2025-08-27,25098,1,7,9,10,23,10,12,4,2,3,5,11,2,17,重0 短1 中3 偏0 大1,重0 短1 中0 长1,50,22,奇4偶1,大1小4,1,3,0,2,0,2,0
2025-08-25,25097,5,24,25,32,34,1,9,9,0,4,4,7,6,0,重1 短0 中2 偏2 大0,重1 短0 中1 长0,120,29,奇2偶3,大4小1,1,1,1,3,1,1,0
2025-08-23,25096,2,11,17,22,24,7,9,6,6,1,4,9,3,1,重0 短1 中1 偏3 大0,重0 短2 中0 长0,76,22,奇2偶3,大2小3,0,1,2,2,1,1,0
2025-08-20,25095,7,13,14,19,27,6,10,1,7,4,3,3,16,3,重0 短1 中3 偏1 大0,重0 短1 中0 长1,80,20,奇4偶1,大2小3,1,1,2,2,0,1,1
2025-08-18,25094,4,9,17,30,33,5,9,1,0,1,0,7,0,8,重2 短2 中0 偏1 大0,重1 短0 中1 长0,93,29,奇3偶2,大2小3,0,1,1,3,1,1,0
2025-08-16,25093,1,7,9,16,30,2,5,1,14,4,5,37,9,0,重0 短1 中2 偏0 大2,重1 短0 中0 长1,63,29,奇3偶2,大1小4,0,2,1,2,2,0,0
2025-08-13,25092,4,10,17,25,32,5,7,9,3,8,0,2,3,28,重1 短1 中1 偏2 大0,重0 短1 中0 长1,88,28,奇2偶3,大2小3,0,1,1,3,2,0,0
2025-08-11,25091,1,19,22,25,27,3,10,9,0,0,14,0,1,1,重3 短0 中0 偏1 大1,重0 短2 中0 长0,94,26,奇4偶1,大4小1,0,1,1,3,0,1,1
2025-08-09,25090,6,14,19,22,27,1,4,3,2,12,9,23,3,4,重0 短1 中1 偏1 大2,重0 短2 中0 长0,88,21,奇2偶3,大3小2,0,2,2,1,1,0,1
2025-08-06,25089,2,11,12,32,34,3,10,2,0,5,9,5,1,2,重1 短1 中2 偏1 大0,重0 短2 中0 长0,91,32,奇1偶4,大2小3,1,1,3,1,0,1,1
2025-08-04,25088,8,9,10,11,35,5,11,12,2,7,3,8,4,3,重0 短1 中1 偏2 大1,重0 短2 中0 长0,73,27,奇3偶2,大1小4,3,3,1,1,1,0,1
2025-08-02,25087,5,13,14,16,20,3,8,1,2,1,9,3,5,4,重0 短3 中1 偏1 大0,重0 短1 中1 长0,68,15,奇2偶3,大1小4,1,1,3,1,0,1,1
2025-07-30,25086,2,6,23,24,33,1,10,0,4,24,5,0,3,11,重2 短0 中2 偏0 大1,重0 短1 中0 长1,88,31,奇2偶3,大3小2,1,1,1,3,1,1,0
2025-07-28,25085,2,5,9,14,33,4,9,2,20,0,5,11,0,9,重1 短1 中1 偏0 大2,重1 短0 中0 长1,63,31,奇3偶2,大1小4,0,2,2,1,0,1,1
2025-07-26,25084,9,11,13,18,29,4,11,3,7,32,0,7,6,4,重1 短0 中1 偏2 大1,重0 短1 中1 长0,80,20,奇4偶1,大2小3,0,2,2,1,0,0,2
2025-07-23,25083,12,17,18,20,34,2,5,0,9,1,12,3,1,3,重1 短1 中1 偏1 大1,重0 短2 中0 长0,101,22,奇1偶4,大3小2,1,1,3,1,2,0,0
2025-07-21,25082,2,3,4,12,26,1,8,2,22,0,4,18,4,17,重1 短1 中1 偏0 大2,重0 短1 中0 长1,47,24,奇1偶4,大1小4,2,3,2,0,1,1,0
2025-07-19,25081,1,4,6,15,18,2,3,7,7,11,2,0,21,0,重1 短1 中0 偏2 大1,重1 短0 中0 长1,44,17,奇2偶3,大1小4,0,1,3,1,1,0,1
2025-07-16,25080,9,10,18,22,24,3,12,9,1,3,3,1,6,3,重0 短2 中2 偏1 大0,重0 短1 中1 长0,83,15,奇1偶4,大3小2,1,3,1,1,0,1,1
2025-07-14,25079,2,14,32,34,35,5,11,4,1,13,5,3,0,7,重0 短1 中3 偏0 大1,重1 短0 中1 长0,117,33,奇1偶4,大3小2,1,0,3,2,1,0,1
2025-07-12,25078,7,10,15,21,24,5,6,5,10,3,3,5,3,2,重0 短0 中4 偏1 大0,重0 短2 中0 长0,77,17,奇3偶2,大2小3,0,3,1,1,1,0,1
2025-07-09,25077,12,14,16,19,28,1,4,1,14,1,1,10,4,0,重0 短3 中0 偏1 大1,重1 短1 中0 长0,89,16,奇1偶4,大2小3,0,1,3,1,1,0,1
2025-07-07,25076,11,18,22,25,29,4,12,1,1,5,4,3,3,5,重0 短2 中3 偏0 大0,重0 短1 中1 长0,105,18,奇3偶2,大4小1,0,2,2,1,0,1,1
2025-07-05,25075,8,12,16,19,35,6,9,3,7,13,14,9,7,1,重0 短0 中1 偏2 大2,重0 短1 中1 长0,90,27,奇2偶3,大2小3,0,2,1,2,0,1,1
2025-07-02,25074,2,11,15,18,21,5,10,12,12,1,7,6,2,4,重0 短1 中0 偏2 大2,重0 短2 中0 长0,67,19,奇3偶2,大2小3,0,1,4,0,1,1,0
2025-06-30,25073,1,4,17,33,34,3,9,1,0,4,1,3,6,3,重1 短2 中2 偏0 大0,重0 短1 中1 长0,89,33,奇3偶2,大2小3,1,0,2,3,0,1,1
2025-06-28,25072,4,7,15,24,29,1,4,2,2,1,41,8,4,1,重0 短3 中0 偏1 大1,重0 短2 中0 长0,79,25,奇3偶2,大2小3,0,2,2,1,1,0,1
2025-06-25,25071,1,8,25,31,33,5,11,2,0,5,19,1,9,14,重1 短2 中1 偏0 大1,重0 短0 中0 长2,98,32,奇4偶1,大3小2,0,1,0,4,1,0,1
2025-06-23,25070,8,9,15,20,22,4,12,14,10,3,1,1,1,16,重0 短2 中1 偏1 大1,重0 短1 中0 长1,74,14,奇2偶3,大2小3,1,3,2,0,0,1,1
2025-06-21,25069,4,6,7,33,34,9,10,0,1,3,3,2,3,0,重1 短2 中2 偏0 大0,重1 短1 中0 长0,84,30,奇2偶3,大2小3,2,2,2,1,0,2,0
2025-06-18,25068,1,4,17,20,22,4,10,34,15,19,3,0,2,4,重1 短0 中1 偏0 大3,重0 短2 中0 长0,64,21,奇2偶3,大2小3,0,1,2,2,0,1,1
2025-06-16,25067,6,10,12,21,22,1,6,8,2,6,8,17,2,0,重0 短1 中0 偏3 大1,重1 短1 中0 长0,71,16,奇1偶4,大2小3,1,5,0,0,1,0,1
2025-06-14,25066,15,18,27,28,34,3,6,7,1,3,3,1,16,3,重0 短2 中2 偏1 大0,重0 短1 中0 长1,122,19,奇2偶3,大4小1,1,0,5,0,0,0,2
2025-06-11,25065,7,25,32,33,35,4,9,25,9,1,4,16,14,21,重0 短1 中1 偏1 大2,重0 短0 中0 长2,132,28,奇4偶1,大4小1,1,1,0,4,0,1,1
2025-06-09,25064,5,10,18,20,34,1,8,0,4,0,1,3,3,7,重2 短1 中2 偏0 大0,重0 短1 中1 长0,87,29,奇1偶4,大3小2,0,2,3,0,1,1,0
2025-06-07,25063,5,18,26,29,32,7,10,25,12,3,0,6,2,0,重1 短0 中1 偏1 大2,重1 短1 中0 长0,110,27,奇2偶3,大4小1,0,3,1,1,1,1,0
2025-06-04,25062,14,20,27,28,29,6,10,1,11,16,0,4,8,0,重1 短1 中1 偏0 大2,重1 短0 中1 长0,118,15,奇2偶3,大4小1,2,1,4,0,0,1,1
2025-06-02,25061,2,11,16,23,28,5,10,8,1,6,2,4,9,3,重0 短2 中1 偏2 大0,重0 短1 中0 长1,80,26,奇2偶3,大2小3,0,0,4,1,1,1,0
2025-05-31,25060,12,14,19,33,34,1,7,2,6,20,6,9,0,1,重0 短1 中0 偏3 大1,重1 短1 中0 长0,112,22,奇2偶3,大3小2,1,1,2,2,2,0,0
2025-05-28,25059,3,9,10,11,26,1,2,4,1,1,0,14,0,3,重1 短2 中1 偏0 大1,重1 短1 中0 长0,59,23,奇3偶2,大1小4,2,4,1,0,2,0,0
2025-05-26,25058,6,11,15,21,23,1,7,9,0,1,3,4,0,11,重1 短1 中2 偏1 大0,重1 短0 中0 长1,76,17,奇4偶1,大2小3,0,2,2,1,2,0,0
2025-05-24,25057,9,10,11,12,29,1,10,7,1,4,0,0,1,6,重2 短1 中1 偏1 大0,重0 短1 中1 长0,71,20,奇3偶2,大1小4,3,4,1,0,1,1,0
2025-05-21,25056,12,15,28,29,32,8,11,1,5,20,0,15,3,7,重1 短1 中1 偏0 大2,重0 短1 中1 长0,116,20,奇2偶3,大3小2,1,2,2,1,0,1,1
2025-05-19,25055,8,10,25,29,30,1,2,9,7,19,0,1,0,0,重1 短1 中0 偏2 大1,重2 短0 中0 长0,102,22,奇2偶3,大3小2,1,3,0,2,2,0,0
2025-05-17,25054,3,12,16,21,29,1,2,6,6,10,3,0,21,1,重1 短0 中1 偏3 大0,重0 短1 中0 长1,81,26,奇3偶2,大2小3,0,4,1,0,2,0,0
2025-05-14,25053,14,23,29,30,33,6,12,13,4,0,0,18,4,1,重2 短0 中1 偏0 大2,重0 短2 中0 长0,129,19,奇3偶2,大4小1,1,1,1,3,0,1,1
2025-05-12,25052,2,4,11,29,30,2,8,0,0,4,0,15,4,2,重3 短0 中1 偏0 大1,重0 短2 中0 长0,76,28,奇2偶3,大2小3,1,1,3,1,1,1,0
2025-05-10,25051,2,4,13,29,31,5,12,2,4,14,1,10,8,10,重0 短2 中1 偏1 大1,重0 短0 中1 长1,79,29,奇3偶2,大2小3,0,1,2,2,1,1,0
2025-05-07,25050,15,18,20,21,34,4,10,3,7,0,2,0,3,10,重2 短1 中1 偏1 大0,重0 短1 中0 长1,108,19,奇2偶3,大4小1,1,1,4,0,0,1,1
2025-05-05,25049,9,20,22,29,34,3,8,18,2,4,13,2,1,3,重0 短2 中1 偏0 大2,重0 短2 中0 长0,114,25,奇2偶3,大4小1,0,3,2,0,0,1,1
2025-05-03,25048,2,6,17,23,35,6,11,7,5,3,2,16,8,4,重0 短1 中2 偏1 大1,重0 短1 中1 长0,83,33,奇3偶2,大2小3,0,1,1,3,0,0,2
2025-04-30,25047,3,10,11,12,21,2,3,3,0,1,14,1,2,1,重1 短2 中1 偏0 大1,重0 短2 中0 长0,57,18,奇3偶2,大1小4,2,4,1,0,1,0,1
2025-04-28,25046,4,10,15,20,34,4,7,4,12,1,2,7,5,14,重0 短2 中1 偏1 大1,重0 短0 中1 长1,83,30,奇1偶4,大2小3,0,1,4,0,1,0,1
2025-04-26,25045,8,11,21,23,27,3,8,2,2,0,7,1,15,0,重1 短3 中0 偏1 大0,重1 短0 中0 长1,90,19,奇4偶1,大3小2,0,2,2,1,0,1,1
2025-04-23,25044,15,17,21,22,26,2,8,4,17,0,2,5,7,5,重1 短1 中2 偏0 大1,重0 短0 中2 长0,101,11,奇3偶2,大3小2,1,3,1,1,1,1,0
2025-04-21,25043,3,16,20,21,27,9,11,1,2,0,1,1,4,0,重1 短4 中0 偏0 大0,重1 短1 中0 长0,87,24,奇3偶2,大3小2,1,2,3,0,0,1,1
2025-04-19,25042,6,8,11,18,20,5,11,13,1,14,10,3,0,0,重0 短1 中1 偏1 大2,重2 短0 中0 长0,63,14,奇1偶4,大2小3,0,2,3,0,1,0,1
2025-04-16,25041,3,4,21,22,27,5,11,1,4,28,5,3,16,13,重0 短1 中3 偏0 大1,重0 短0 中0 长2,77,24,奇3偶2,大3小2,2,3,2,0,1,0,1
2025-04-14,25040,2,8,16,31,32,4,12,6,1,15,2,29,2,6,重0 短2 中0 偏1 大2,重0 短1 中1 长0,89,30,奇1偶4,大2小3,1,1,2,2,0,1,1
2025-04-12,25039,3,7,14,15,19,6,10,8,0,7,4,24,1,5,重1 短0 中1 偏2 大1,重0 短1 中1 长0,58,16,奇4偶1,大1小4,1,2,2,1,0,1,1
2025-04-09,25038,7,8,20,26,34,8,9,1,4,0,8,34,2,11,重1 短1 中1 偏1 大1,重0 短1 中0 长1,95,27,奇1偶4,大3小2,1,3,2,0,0,2,0
2025-04-07,25037,5,20,23,27,31,4,6,7,5,12,0,7,1,0,重1 短0 中1 偏2 大1,重1 短1 中0 长0,106,26,奇4偶1,大4小1,0,1,2,2,0,0,2
2025-04-05,25036,4,7,13,27,30,2,6,1,9,8,3,0,3,1,重1 短1 中1 偏2 大0,重0 短2 中0 长0,81,26,奇3偶2,大2小3,0,1,2,2,1,0,1
2025-04-02,25035,22,25,28,29,30,4,8,0,2,0,6,8,12,0,重2 短1 中0 偏2 大0,重1 短0 中0 长1,134,8,奇2偶3,大5小0,2,2,1,2,0,1,1
2025-03-31,25034,4,15,22,28,33,6,8,27,26,1,1,0,3,9,重1 短2 中0 偏0 大2,重0 短1 中0 长1,102,29,奇2偶3,大3小2,0,1,3,1,0,1,1
2025-03-29,25033,1,2,8,10,33,10,12,10,6,4,7,3,3,9,重0 短0 中2 偏3 大0,重0 短1 中0 长1,54,32,奇2偶3,大1小4,1,2,1,2,0,2,0
2025-03-26,25032,12,22,25,27,28,1,2,7,8,0,9,1,0,17,重1 短1 中0 偏3 大0,重1 短0 中0 长1,114,16,奇2偶3,大4小1,1,2,2,1,2,0,0
2025-03-24,25031,14,18,20,25,35,1,7,0,9,2,2,9,3,0,重1 短2 中0 偏2 大0,重1 短1 中0 长0,112,21,奇2偶3,大4小1,0,0,3,2,2,0,0
2025-03-22,25030,3,9,14,24,28,6,7,2,0,16,6,11,20,1,重1 短1 中0 偏1 大2,重0 短1 中0 长1,78,25,奇2偶3,大2小3,0,2,2,1,1,0,1
2025-03-19,25029,5,9,26,31,33,3,10,12,8,11,11,24,0,6,重0 短0 中0 偏1 大4,重1 短0 中1 长0,104,28,奇4偶1,大3小2,0,3,0,2,0,1,1
2025-03-17,25028,6,8,20,25,29,3,7,0,2,0,2,5,2,2,重2 短2 中1 偏0 大0,重0 短2 中0 长0,88,23,奇2偶3,大3小2,0,3,1,1,1,0,1
2025-03-15,25027,3,6,11,13,20,1,11,0,1,4,2,3,0,7,重1 短2 中2 偏0 大0,重1 短0 中1 长0,53,17,奇3偶2,大1小4,0,2,2,1,1,0,1
2025-03-12,25026,2,3,7,17,30,1,9,13,0,6,24,4,7,2,重1 短0 中1 偏1 大2,重0 短1 中1 长0,59,28,奇3偶2,大1小4,1,2,1,2,1,1,0
2025-03-10,25025,3,6,8,10,25,3,7,13,0,5,1,1,3,14,重1 短2 中1 偏0 大1,重0 短1 中0 长1,52,22,奇2偶3,大1小4,0,4,0,1,1,0,1
2025-03-08,25024,6,12,13,16,23,5,8,12,3,1,10,4,3,7,重0 短1 中2 偏1 大1,重0 短1 中1 长0,70,17,奇2偶3,大1小4,1,2,1,2,1,1,0
2025-03-05,25023,10,20,22,24,25,9,12,1,4,2,7,1,2,1,重0 短3 中1 偏1 大0,重0 短2 中0 长0,101,15,奇1偶4,大4小1,1,2,1,2,0,2,0
2025-03-03,25022,1,11,13,27,29,4,10,1,2,13,10,1,3,4,重0 短3 中0 偏1 大1,重0 短2 中0 长0,81,28,奇5偶0,大2小3,0,1,2,2,0,1,1
2025-03-01,25021,10,18,25,30,35,3,12,3,1,8,10,5,1,4,重0 短1 中2 偏2 大0,重0 短2 中0 长0,118,25,奇2偶3,大4小1,0,1,1,3,0,1,1
2025-02-26,25020,1,9,12,22,29,5,9,1,1,2,5,3,6,10,重0 短3 中2 偏0 大0,重0 短0 中1 长1,73,28,奇3偶2,大2小3,0,4,0,1,1,1,0
2025-02-24,25019,7,8,11,18,23,3,11,0,13,7,5,11,1,6,重1 短0 中1 偏1 大2,重0 短1 中1 长0,67,16,奇3偶2,大2小3,1,2,2,1,0,0,2
2025-02-22,25018,1,7,9,20,28,1,4,9,1,13,1,0,2,14,重1 短2 中0 偏1 大1,重0 短1 中0 长1,65,27,奇3偶2,大2小3,0,2,2,1,1,0,1
2025-02-19,25017,10,12,26,28,31,3,10,1,0,37,6,1,10,2,重1 短2 中0 偏1 大1,重0 短1 中0 长1,107,21,奇1偶4,大3小2,0,3,1,1,0,1,1
2025-02-17,25016,5,7,12,20,29,8,12,1,0,16,2,1,0,5,重1 短3 中0 偏0 大1,重1 短0 中1 长0,73,24,奇3偶2,大2小3,0,4,1,0,0,2,0
2025-02-15,25015,7,10,24,31,35,1,8,3,11,21,7,0,7,3,重1 短0 中1 偏1 大2,重0 短1 中1 长0,107,28,奇3偶2,大3小2,0,2,0,3,1,1,0
2025-02-12,25014,5,19,22,29,35,2,10,3,1,6,29,0,0,7,重1 短1 中1 偏1 大1,重1 短0 中1 长0,110,30,奇4偶1,大4小1,0,3,0,2,1,1,0
2025-02-10,25013,14,16,18,20,35,2,5,31,11,0,16,4,0,4,重1 短0 中1 偏0 大3,重1 短1 中0 长0,103,21,奇1偶4,大3小2,0,0,4,1,2,0,0
2025-02-08,25012,2,18,19,21,25,2,11,7,14,2,1,4,0,6,重0 短2 中1 偏1 大1,重1 短0 中1 长0,85,23,奇3偶2,大4小1,1,1,2,2,1,0,1
2025-01-25,25011,3,6,7,11,27,2,8,1,5,2,12,9,10,14,重0 短2 中1 偏1 大1,重0 短0 中0 长2,54,24,奇4偶1,大1小4,1,3,2,0,1,1,0
2025-01-22,25010,5,21,28,30,32,7,12,1,0,7,0,0,5,1,重3 短1 中0 偏1 大0,重0 短1 中1 长0,116,27,奇2偶3,大4小1,0,2,1,2,1,1,0
2025-01-20,25009,3,19,21,30,32,6,9,2,2,6,5,3,6,1,重0 短2 中2 偏1 大0,重0 短1 中1 长0,105,29,奇3偶2,大4小1,0,2,0,3,0,1,1
2025-01-18,25008,1,5,7,13,35,5,12,7,2,7,1,1,9,19,重0 短3 中0 偏2 大0,重0 短0 中0 长2,61,34,奇5偶0,大1小4,0,2,0,3,1,1,0
2025-01-15,25007,15,22,23,25,31,1,9,18,4,8,3,1,2,1,重0 短1 中2 偏1 大1,重0 短2 中0 长0,116,16,奇4偶1,大4小1,1,1,1,3,1,1,0
2025-01-13,25006,3,4,13,19,35,3,10,17,7,1,3,6,11,2,重0 短1 中1 偏2 大1,重0 短1 中0 长1,74,32,奇4偶1,大2小3,1,1,1,3,0,1,1
2025-01-11,25005,5,6,8,31,32,9,11,0,8,3,4,1,2,5,重1 短1 中2 偏1 大0,重0 短1 中1 长0,82,27,奇2偶3,大2小3,2,3,0,2,0,1,1
2025-01-08,25004,2,5,9,13,33,1,7,3,2,7,21,13,8,2,重0 短1 中1 偏1 大2,重0 短1 中1 长0,62,31,奇4偶1,大1小4,0,2,1,2,2,0,0
2025-01-06,25003,10,25,30,32,34,4,10,21,4,10,0,4,1,2,重1 短0 中2 偏1 大1,重0 短2 中0 长0,131,24,奇1偶4,大4小1,0,1,1,3,0,1,1
2025-01-04,25002,19,21,22,28,32,6,9,2,6,4,15,5,19,4,重0 短1 中2 偏1 大1,重0 短1 中0 长1,122,13,奇2偶3,大5小0,1,2,1,2,0,1,1
2025-01-01,25001,5,8,16,17,27,4,7,1,0,3,1,32,6,2,重1 短2 中1 偏0 大1,重0 短1 中1 长0,73,22,奇3偶2,大1小4,1,2,2,1,1,0,1
2024-12-30,24152,1,2,7,8,31,2,10,6,2,7,7,4,10,0,重0 短1 中1 偏3 大0,重1 短0 中0 长1,49,30,奇3偶2,大1小4,2,2,1,2,1,1,0
2024-12-28,24151,5,12,17,19,35,10,11,1,3,12,21,2,8,2,重0 短2 中1 偏0 大2,重0 短1 中1 长0,88,30,奇4偶1,大2小3,0,2,0,3,0,1,1
2024-12-25,24150,4,11,23,25,34,5,7,15,19,9,19,7,5,0,重0 短0 中0 偏2 大3,重1 短0 中1 长0,97,30,奇3偶2,大3小2,0,0,3,2,2,0,0
2024-12-23,24149,2,5,16,18,22,7,9,7,2,5,1,1,1,10,重0 短3 中1 偏1 大0,重0 短1 中0 长1,63,20,奇1偶4,大2小3,0,2,3,0,1,1,0
2024-12-21,24148,6,9,20,32,35,8,11,2,2,1,1,33,11,6,重0 短4 中0 偏0 大1,重0 短0 中1 长1,102,29,奇2偶3,大3小2,0,2,1,2,0,1,1
2024-12-18,24147,12,18,21,22,31,1,7,7,25,0,0,3,1,7,重2 短0 中1 偏1 大1,重0 短1 中1 长0,104,19,奇2偶3,大4小1,1,3,1,1,2,0,0
2024-12-16,24146,5,20,21,22,32,3,4,6,2,1,0,15,0,2,重1 短2 中0 偏1 大1,重1 短1 中0 长0,100,27,奇2偶3,大4小1,2,3,1,1,0,0,2
2024-12-14,24145,1,6,9,22,24,1,3,8,0,21,1,1,0,2,重1 短2 中0 偏1 大1,重1 短1 中0 长0,62,23,奇2偶3,大2小3,0,3,0,2,1,0,1
2024-12-11,24144,6,7,8,21,30,1,5,2,2,1,1,8,3,0,重0 短4 中0 偏1 大0,重1 短1 中0 长0,72,24,奇2偶3,大2小3,2,4,0,1,2,0,0
2024-12-09,24143,16,20,22,24,31,4,5,1,1,7,0,2,4,3,重1 短3 中0 偏1 大0,重0 短2 中0 长0,113,15,奇1偶4,大4小1,0,1,2,2,1,0,1
2024-12-07,24142,8,21,24,33,34,3,10,4,4,2,7,3,6,11,重0 短1 中3 偏1 大0,重0 短0 中1 长1,120,26,奇2偶3,大4小1,1,2,1,2,0,1,1
2024-12-04,24141,2,6,7,16,20,2,11,9,0,6,3,1,3,16,重1 短1 中1 偏2 大0,重0 短1 中0 长1,51,18,奇1偶4,大1小4,1,2,3,0,1,0,1
2024-12-02,24140,3,6,15,23,31,1,12,8,4,2,0,7,11,24,重1 短1 中1 偏2 大0,重0 短0 中0 长2,78,28,奇4偶1,大2小3,0,2,1,2,1,1,0
2024-11-30,24139,5,12,20,23,24,5,7,0,18,0,18,3,1,2,重2 短0 中1 偏0 大2,重0 短2 中0 长0,84,19,奇2偶3,大3小2,1,2,1,2,2,0,0
2024-11-27,24138,5,17,20,28,34,4,9,5,0,1,10,1,4,5,重1 短2 中1 偏1 大0,重0 短1 中1 长0,104,29,奇2偶3,大3小2,0,1,3,1,0,1,1
2024-11-25,24137,8,15,16,17,21,2,5,1,14,4,0,5,5,2,重1 短1 中2 偏0 大1,重0 短1 中1 长0,77,13,奇3偶2,大1小4,2,2,2,1,2,0,0
2024-11-23,24136,1,17,20,29,34,7,8,1,9,30,2,6,6,0,重0 短2 中0 偏2 大1,重1 短0 中1 长0,101,33,奇3偶2,大3小2,0,1,2,2,1,1,0
2024-11-20,24135,6,8,22,24,30,3,8,2,1,1,9,5,3,8,重0 短3 中1 偏1 大0,重0 短1 中1 长0,90,24,奇0偶5,大3小2,0,3,0,2,0,1,1
2024-11-18,24134,1,4,7,13,33,5,6,15,2,4,29,12,4,0,重0 短1 中1 偏0 大3,重1 短1 中0 长0,58,32,奇4偶1,大1小4,0,1,1,3,1,0,1
2024-11-16,24133,8,10,14,22,29,4,6,22,0,7,15,4,2,0,重1 短0 中1 偏1 大2,重1 短1 中0 长0,83,21,奇1偶4,大2小3,0,4,1,0,0,0,2
2024-11-13,24132,5,6,10,16,31,6,9,9,9,3,4,1,27,8,重0 短1 中2 偏2 大0,重0 短0 中1 长1,68,26,奇2偶3,大1小4,1,3,1,1,0,1,1
2024-11-11,24131,2,3,4,21,26,2,3,3,2,10,0,5,10,2,重1 短1 中2 偏1 大0,重0 短1 中0 长1,56,24,奇2偶3,大2小3,2,3,2,0,1,0,1
2024-11-09,24130,11,21,25,31,32,4,10,23,21,5,0,24,8,2,重1 短0 中1 偏0 大3,重0 短1 中1 长0,120,21,奇4偶1,大4小1,1,1,1,3,0,1,1
2024-11-06,24129,7,19,30,31,34,5,7,0,3,5,0,2,7,1,重2 短1 中2 偏0 大0,重0 短1 中1 长0,121,27,奇3偶2,大4小1,1,1,1,3,2,0,0
2024-11-04,24128,3,7,10,29,31,1,3,0,3,0,21,4,2,5,重2 短0 中2 偏0 大1,重0 短1 中1 长0,80,28,奇4偶1,大2小3,0,4,0,1,1,0,1
2024-11-02,24127,2,3,10,16,28,7,10,0,2,0,3,0,0,1,重3 短1 中1 偏0 大0,重1 短1 中0 长0,59,26,奇1偶4,大1小4,1,2,3,0,1,1,0
2024-10-30,24126,2,10,17,28,34,7,8,1,0,3,6,11,6,2,重1 短1 中1 偏1 大1,重0 短1 中1 长0,91,32,奇1偶4,大2小3,0,1,3,1,1,1,0
2024-10-28,24125,10,14,19,24,26,1,10,0,17,6,3,7,0,2,重1 短0 中1 偏2 大1,重1 短1 中0 长0,93,16,奇1偶4,大3小2,0,2,1,2,1,1,0
2024-10-26,24124,2,3,7,10,25,1,11,6,0,2,6,7,7,5,重1 短1 中0 偏3 大0,重0 短0 中2 长0,47,23,奇3偶2,大1小4,1,3,1,1,1,0,1
2024-10-23,24123,3,9,16,30,31,8,9,4,0,4,3,10,2,17,重1 短0 中3 偏1 大0,重0 短1 中0 长1,89,28,奇3偶2,大2小3,1,2,1,2,0,2,0
2024-10-21,24122,5,6,9,15,17,3,10,9,2,3,0,1,9,9,重1 短2 中1 偏1 大0,重0 短0 中0 长2,52,12,奇4偶1,大0小5,1,3,1,1,0,1,1
2024-10-19,24121,7,15,18,24,33,4,5,10,8,7,5,1,3,2,重0 短1 中1 偏3 大0,重0 短2 中0 长0,97,26,奇3偶2,大3小2,0,1,2,2,1,0,1
2024-10-16,24120,4,12,17,23,27,2,8,4,0,11,10,5,0,4,重1 短0 中2 偏1 大1,重1 短1 中0 长0,83,23,奇3偶2,大2小3,0,1,2,2,1,1,0
2024-10-14,24119,6,12,28,30,33,2,7,2,3,1,4,5,1,7,重0 短2 中3 偏0 大0,重0 短1 中1 长0,109,27,奇1偶4,大3小2,0,2,1,2,2,0,0
2024-10-12,24118,1,3,9,16,19,5,11,1,1,6,1,2,3,1,重0 短4 中0 偏1 大0,重0 短2 中0 长0,48,18,奇4偶1,大1小4,0,2,1,2,1,0,1
2024-10-09,24117,2,10,22,26,28,2,4,16,17,10,3,6,10,3,重0 短0 中1 偏2 大2,重0 短1 中0 长1,88,26,奇0偶5,大3小2,0,3,2,0,1,0,1
2024-10-07,24116,1,3,6,16,25,1,11,5,0,8,2,2,19,1,重1 短2 中1 偏1 大0,重0 短1 中0 长1,51,24,奇3偶2,大1小4,0,2,1,2,1,0,1
2024-10-05,24115,3,4,12,19,24,8,12,3,10,0,3,2,1,4,重1 短1 中2 偏1 大0,重0 短2 中0 长0,62,21,奇2偶3,大2小3,1,2,1,2,0,2,0
2024-09-30,24114,12,27,30,34,35,5,11,4,2,2,1,12,11,2,重0 短3 中1 偏0 大1,重0 短1 中0 长1,138,23,奇2偶3,大4小1,1,1,2,2,1,0,1
2024-09-28,24113,16,18,25,26,33,4,8,4,2,20,3,9,2,4,重0 短1 中2 偏1 大1,重0 短2 中0 长0,118,17,奇2偶3,大4小1,1,1,2,2,0,1,1
2024-09-25,24112,5,15,24,31,34,3,10,5,13,12,3,3,2,4,重0 短0 中3 偏0 大2,重0 短2 中0 长0,109,29,奇3偶2,大3小2,0,1,2,2,0,1,1
2024-09-23,24111,3,9,19,27,30,7,11,12,6,4,1,21,20,1,重0 短1 中1 偏1 大2,重0 短1 中0 长1,88,27,奇4偶1,大3小2,0,2,1,2,1,0,1
2024-09-21,24110,1,7,8,18,28,4,12,5,12,18,2,0,27,3,重1 短1 中1 偏0 大2,重0 短1 中0 长1,62,27,奇2偶3,大2小3,1,2,2,1,0,1,1
2024-09-18,24109,12,23,26,27,28,3,11,8,12,13,7,3,0,3,重0 短0 中1 偏2 大2,重1 短1 中0 长0,116,16,奇2偶3,大4小1,2,2,2,1,0,0,2
2024-09-16,24108,16,17,21,31,34,3,8,0,3,2,8,0,0,4,重2 短1 中1 偏1 大0,重1 短1 中0 长0,119,18,奇3偶2,大3小2,1,1,2,2,0,1,1
2024-09-14,24107,6,14,16,18,34,3,10,16,1,5,27,17,11,5,重0 短1 中1 偏0 大3,重0 短0 中1 长1,88,28,奇0偶5,大2小3,0,1,4,0,0,1,1
2024-09-11,24106,5,11,19,22,29,2,12,3,8,2,4,2,8,12,重0 短2 中2 偏1 大0,重0 短0 中1 长1,86,24,奇4偶1,大3小2,0,3,1,1,1,1,0
2024-09-09,24105,14,20,21,28,32,9,11,2,2,1,11,1,0,2,重0 短4 中0 偏0 大1,重1 短1 中0 长0,115,18,奇1偶4,大4小1,1,1,3,1,0,1,1
2024-09-07,24104,1,4,9,13,17,6,9,1,4,1,9,12,0,5,重0 短2 中1 偏1 大1,重1 短0 中1 长0,44,16,奇4偶1,大0小5,0,1,1,3,0,1,1
2024-09-04,24103,19,21,29,32,33,6,8,1,11,4,2,12,1,3,重0 短2 中1 偏0 大2,重0 短2 中0 长0,134,14,奇4偶1,大5小0,1,2,0,3,0,1,1
2024-09-02,24102,1,5,9,14,20,5,11,6,12,16,4,14,1,1,重0 短0 中1 偏1 大3,重0 短2 中0 长0,49,19,奇3偶2,大1小4,0,2,2,1,1,0,1
2024-08-31,24101,16,19,22,27,35,6,10,7,0,0,4,1,8,2,重2 短1 中1 偏1 大0,重0 短1 中1 长0,119,19,奇3偶2,大4小1,0,1,2,2,0,1,1
2024-08-28,24100,2,12,19,22,32,5,11,3,2,1,13,11,0,9,重0 短2 中1 偏0 大2,重1 短0 中0 长1,87,30,奇1偶4,大3小2,0,2,1,2,1,0,1
2024-08-26,24099,4,10,24,31,35,5,8,6,0,4,2,13,3,1,重1 短1 中1 偏1 大1,重0 短2 中0 长0,104,31,奇2偶3,大3小2,0,1,1,3,1,1,0
2024-08-24,24098,3,10,15,19,29,9,10,1,10,16,0,3,14,1,重1 短1 中1 偏1 大1,重0 短1 中0 长1,76,26,奇4偶1,大2小3,0,3,1,1,0,2,0
2024-08-21,24097,7,11,12,14,19,2,8,1,5,2,10,1,2,2,重0 短3 中1 偏1 大0,重0 短2 中0 长0,63,12,奇3偶2,大1小4,1,2,2,1,1,1,0
2024-08-19,24096,2,3,23,27,31,1,10,3,5,7,0,1,3,8,重1 短1 中2 偏1 大0,重0 短1 中1 长0,86,29,奇4偶1,大3小2,1,1,2,2,1,1,0
2024-08-17,24095,1,7,19,26,27,3,5,3,7,28,1,13,6,6,重0 短1 中1 偏1 大2,重0 短0 中2 长0,80,26,奇4偶1,大3小2,1,2,1,2,1,0,1
2024-08-14,24094,12,13,24,29,31,2,8,7,10,0,0,1,2,0,重2 短1 中0 偏2 大0,重1 短1 中0 长0,109,19,奇3偶2,大3小2,1,2,0,3,1,1,0
2024-08-12,24093,16,24,26,28,29,8,12,7,10,0,2,3,3,15,重1 短1 中1 偏2 大0,重0 短1 中0 长1,123,13,奇1偶4,大4小1,1,2,2,1,0,2,0
2024-08-10,24092,2,4,25,26,31,1,6,1,7,10,9,23,0,6,重0 短1 中0 偏3 大1,重1 短0 中1 长0,88,29,奇2偶3,大3小2,1,1,2,2,1,0,1
2024-08-07,24091,1,8,11,17,21,1,2,2,8,4,6,8,5,19,重0 短1 中1 偏3 大0,重0 短0 中1 长1,58,20,奇4偶1,大1小4,0,2,1,2,2,0,0
2024-08-05,24090,2,3,6,28,33,7,11,1,9,0,1,21,0,3,重1 短2 中0 偏1 大1,重1 短1 中0 长0,72,31,奇2偶3,大2小3,1,2,2,1,1,0,1
2024-08-03,24089,5,6,29,30,34,7,8,8,12,3,5,1,2,24,重0 短1 中2 偏1 大1,重0 短1 中0 长1,104,29,奇2偶3,大3小2,2,3,1,1,1,1,0
2024-07-31,24088,1,2,23,28,32,3,5,10,2,3,0,12,18,0,重1 短1 中1 偏1 大1,重1 短0 中0 长1,86,31,奇2偶3,大3小2,1,0,2,3,1,0,1
2024-07-29,24087,7,10,20,28,34,5,10,8,8,16,0,5,2,2,重1 短0 中1 偏2 大1,重0 短2 中0 长0,99,27,奇1偶4,大3小2,0,2,3,0,1,1,0
2024-07-27,24086,11,12,14,22,28,7,11,1,2,4,9,5,2,5,重0 短2 中2 偏1 大0,重0 短1 中1 长0,87,17,奇1偶4,大2小3,1,2,3,0,1,0,1
2024-07-24,24085,2,9,16,29,35,1,6,10,1,0,7,8,3,5,重1 短1 中0 偏3 大0,重0 短1 中1 长0,91,33,奇3偶2,大2小3,0,2,2,1,1,0,1
2024-07-22,24084,4,11,16,17,23,5,10,11,0,14,4,1,1,2,重1 短1 中1 偏0 大2,重0 短2 中0 长0,71,19,奇3偶2,大1小4,1,0,3,2,1,1,0
2024-07-20,24083,9,11,12,13,30,7,9,9,8,9,16,22,4,2,重0 短0 中0 偏3 大2,重0 短2 中0 长0,75,21,奇3偶2,大1小4,2,2,1,2,1,1,0
2024-07-17,24082,8,21,23,24,26,4,5,2,7,2,1,4,3,8,重0 短3 中1 偏1 大0,重0 短1 中1 长0,102,18,奇2偶3,大4小1,1,3,0,2,1,0,1
2024-07-15,24081,14,15,25,27,34,1,10,2,2,3,0,9,5,5,重1 短2 中1 偏1 大0,重0 短0 中2 长0,115,20,奇3偶2,大3小2,1,0,4,1,1,1,0
2024-07-13,24080,3,5,24,27,28,9,11,0,1,10,3,4,5,0,重1 短1 中2 偏1 大0,重1 短0 中1 长0,87,25,奇3偶2,大3小2,1,2,2,1,0,1,1
2024-07-10,24079,3,8,17,18,23,6,11,1,3,3,13,5,1,4,重0 短1 中3 偏0 大1,重0 短2 中0 长0,69,20,奇3偶2,大2小3,1,2,1,2,0,0,2
2024-07-08,24078,5,7,10,14,15,4,7,12,4,3,10,6,25,1,重0 短0 中2 偏2 大1,重0 短1 中0 长1,51,10,奇3偶2,大0小5,1,3,2,0,1,0,1
2024-07-06,24077,1,3,25,26,29,6,12,0,9,10,1,25,4,0,重1 短1 中0 偏2 大1,重1 短1 中0 长0,84,28,奇4偶1,大3小2,1,3,0,2,0,1,1
2024-07-03,24076,1,6,22,27,35,7,12,14,4,8,1,4,6,15,重0 短1 中2 偏1 大1,重0 短0 中1 长1,91,34,奇3偶2,大3小2,0,2,1,2,1,1,0
2024-07-01,24075,8,17,26,28,32,1,10,31,2,9,14,2,2,3,重0 短2 中0 偏1 大2,重0 短2 中0 长0,111,24,奇1偶4,大3小2,0,2,1,2,1,1,0
2024-06-29,24074,2,10,11,21,27,9,11,21,2,6,0,8,0,26,重1 短1 中0 偏2 大1,重1 短0 中0 长1,71,25,奇3偶2,大2小3,1,2,3,0,0,1,1
2024-06-26,24073,7,9,12,21,23,5,9,3,3,8,0,0,4,2,重2 短0 中2 偏1 大0,重0 短2 中0 长0,72,16,奇4偶1,大2小3,0,4,0,1,1,1,0
2024-06-24,24072,4,17,21,23,32,1,6,1,12,1,20,1,8,4,重0 短3 中0 偏0 大2,重0 短1 中1 长0,97,28,奇3偶2,大3小2,0,1,1,3,1,0,1
2024-06-22,24071,6,10,15,34,35,2,10,12,5,2,0,14,0,2,重1 短1 中1 偏0 大2,重1 短1 中0 长0,100,29,奇2偶3,大2小3,1,2,2,1,1,1,0
2024-06-19,24070,4,20,21,32,34,2,9,19,0,5,1,6,11,2,重1 短1 中1 偏1 大1,重0 短1 中0 长1,111,30,奇1偶4,大4小1,1,1,3,1,1,1,0
2024-06-17,24069,7,9,16,20,24,3,7,5,11,5,0,2,3,2,重1 短1 中2 偏0 大1,重0 短2 中0 长0,76,17,奇2偶3,大2小3,0,2,2,1,1,0,1
2024-06-15,24068,15,20,31,32,33,5,10,5,0,6,3,3,5,20,重1 短0 中3 偏1 大0,重0 短0 中1 长1,131,18,奇3偶2,大4小1,2,0,2,3,1,1,0
2024-06-12,24067,3,11,14,20,22,6,9,6,12,4,0,11,0,2,重1 短0 中1 偏1 大2,重1 短1 中0 长0,70,19,奇2偶3,大2小3,0,2,3,0,0,1,1
2024-06-10,24066,13,19,20,24,25,6,7,7,4,6,27,5,0,10,重0 短0 中2 偏2 大1,重1 短0 中0 长1,101,12,奇3偶2,大4小1,2,0,1,4,1,0,1
2024-06-08,24065,5,10,18,26,27,3,6,0,6,5,14,8,1,8,重1 短0 中1 偏2 大1,重0 短1 中1 长0,86,22,奇2偶3,大3小2,1,3,2,0,0,0,2
2024-06-05,24064,5,12,21,32,33,8,9,1,0,3,5,0,2,6,重2 短1 中2 偏0 大0,重0 短1 中1 长0,103,28,奇3偶2,大3小2,1,3,0,2,0,2,0
2024-06-03,24063,7,12,16,33,34,1,3,7,1,0,0,5,2,0,重2 短1 中1 偏1 大0,重1 短1 中0 长0,102,27,奇2偶3,大2小3,1,2,2,1,1,0,1
2024-06-01,24062,5,14,15,16,33,3,5,7,11,17,5,0,2,0,重1 短0 中1 偏1 大2,重1 短1 中0 长0,83,28,奇3偶2,大1小4,2,1,3,1,1,0,1
2024-05-29,24061,1,12,19,31,33,5,8,7,12,7,1,3,5,8,重0 短1 中1 偏2 大1,重0 短0 中2 长0,96,32,奇4偶1,大3小2,0,1,0,4,1,1,0
2024-05-27,24060,3,21,25,28,30,1,12,7,8,0,11,2,1,0,重1 短1 中0 偏2 大1,重1 短1 中0 长0,107,27,奇3偶2,大4小1,0,2,1,2,1,1,0
2024-05-25,24059,17,18,20,25,31,3,12,2,2,0,1,13,1,2,重1 短3 中0 偏0 大1,重0 短2 中0 长0,111,14,奇3偶2,大4小1,1,0,2,3,0,1,1
2024-05-22,24058,6,10,13,20,32,1,2,3,8,5,4,12,3,6,重0 短0 中3 偏1 大1,重0 短1 中1 长0,81,26,奇1偶4,大2小3,0,2,1,2,2,0,0
2024-05-20,24057,9,25,30,33,34,3,9,2,18,1,21,1,2,3,重0 短3 中0 偏0 大2,重0 短2 中0 长0,131,25,奇3偶2,大4小1,1,1,1,3,0,1,1
2024-05-18,24056,16,17,18,27,35,6,12,14,0,5,12,2,11,13,重1 短1 中1 偏0 大2,重0 短0 中0 长2,113,19,奇3偶2,大3小2,2,0,3,2,0,1,1
2024-05-15,24055,7,17,22,30,34,5,7,1,8,0,8,2,11,4,重1 短2 中0 偏2 大0,重0 短1 中0 长1,110,27,奇2偶3,大3小2,0,2,1,2,2,0,0
2024-05-13,24054,5,6,9,11,22,1,3,2,4,4,6,1,2,0,重0 短2 中2 偏1 大0,重1 短1 中0 长0,53,17,奇3偶2,大1小4,1,4,1,0,1,0,1
2024-05-11,24053,1,7,19,20,35,3,9,10,30,5,13,5,7,2,重0 短0 中2 偏1 大2,重0 短1 中1 长0,82,34,奇4偶1,大3小2,1,1,1,3,0,1,1
2024-05-08,24052,2,3,13,22,34,4,8,15,1,7,0,15,22,2,重1 短1 中0 偏1 大2,重0 短1 中0 长1,74,32,奇2偶3,大2小3,1,2,2,1,0,1,1
2024-05-06,24051,5,21,22,23,29,1,2,10,2,1,8,4,1,24,重0 短2 中1 偏2 大0,重0 短1 中0 长1,100,24,奇4偶1,大4小1,2,4,0,1,2,0,0
2024-05-04,24050,3,4,14,18,26,7,9,5,0,4,1,1,3,1,重1 短2 中2 偏0 大0,重0 短2 中0 长0,65,23,奇1偶4,大2小3,1,2,3,0,1,1,0
2024-05-01,24049,4,6,9,10,22,1,8,5,2,3,3,4,10,0,重0 短1 中4 偏0 大0,重1 短0 中0 长1,51,18,奇1偶4,大1小4,1,4,1,0,1,1,0
2024-04-29,24048,12,18,21,26,28,8,9,1,19,0,0,6,2,14,重2 短1 中0 偏1 大1,重0 短1 中0 长1,105,16,奇1偶4,大4小1,0,3,2,0,0,2,0
2024-04-27,24047,11,19,21,26,35,10,11,7,9,20,12,4,2,0,重0 短0 中1 偏2 大2,重1 短1 中0 长0,112,24,奇4偶1,大4小1,0,2,1,2,0,1,1
2024-04-24,24046,6,12,17,29,30,7,11,4,5,1,5,5,2,8,重0 短1 中4 偏0 大0,重0 短1 中1 长0,94,24,奇2偶3,大2小3,1,3,0,2,1,0,1
2024-04-22,24045,9,10,14,31,32,3,8,13,5,1,22,8,3,10,重0 短1 中1 偏1 大2,重0 短1 中0 长1,96,23,奇2偶3,大2小3,2,2,1,2,0,1,1
2024-04-20,24044,3,13,15,17,22,6,10,0,8,1,6,4,3,4,重1 短1 中1 偏2 大0,重0 短2 中0 长0,70,19,奇4偶1,大1小4,0,2,1,2,0,1,1
2024-04-17,24043,3,4,8,14,27,5,7,3,9,0,1,8,0,5,重1 短1 中1 偏2 大0,重1 短0 中1 长0,56,24,奇2偶3,大1小4,1,2,3,0,2,0,0
2024-04-15,24042,1,8,15,23,35,5,12,15,0,3,7,4,0,6,重1 短0 中2 偏1 大1,重1 短0 中1 长0,82,34,奇4偶1,大2小3,0,1,1,3,1,1,0
2024-04-13,24041,6,8,14,16,28,3,5,32,7,17,0,11,0,2,重1 短0 中0 偏1 大3,重1 短1 中0 长0,72,22,奇0偶5,大1小4,0,2,3,0,1,0,1
2024-04-10,24040,5,12,16,29,30,3,6,3,8,12,1,8,20,0,重0 短1 中1 偏2 大1,重1 短0 中0 长1,92,25,奇2偶3,大2小3,1,3,1,1,0,0,2
2024-04-08,24039,3,10,11,20,22,6,10,14,5,2,1,0,2,2,重1 短2 中1 偏0 大1,重0 短2 中0 长0,66,19,奇2偶3,大2小3,1,3,2,0,0,1,1
2024-04-06,24038,15,22,24,25,29,1,5,4,10,8,19,0,5,2,重1 短0 中1 偏2 大1,重0 短1 中1 长0,115,14,奇3偶2,大4小1,1,2,1,2,2,0,0
2024-04-03,24037,17,19,20,29,35,7,11,1,6,8,1,4,3,20,重0 短2 中1 偏2 大0,重0 短1 中0 长1,120,18,奇4偶1,大4小1,1,1,1,3,1,0,1
2024-04-01,24036,2,5,11,32,34,6,10,10,0,2,13,4,4,29,重1 短1 中1 偏1 大1,重0 短1 中0 长1,84,32,奇2偶3,大2小3,0,1,3,1,0,1,1
2024-03-30,24035,5,13,17,29,33,5,12,2,6,10,0,0,0,4,重2 短1 中0 偏2 大0,重1 短1 中0 长0,97,28,奇5偶0,大2小3,0,2,0,3,1,1,0
2024-03-27,24034,23,26,27,29,33,5,8,6,1,8,14,1,2,5,重0 短2 中0 偏2 大1,重0 短1 中1 长0,138,10,奇4偶1,大5小0,1,2,1,2,1,1,0
2024-03-25,24033,4,8,10,11,15,7,9,3,2,9,2,0,5,0,重1 短2 中1 偏1 大0,重1 短0 中1 长0,48,11,奇2偶3,大0小5,1,2,3,0,1,1,0
2024-03-23,24032,5,15,26,33,35,1,9,7,0,3,5,14,7,4,重1 短0 中2 偏1 大1,重0 短1 中1 长0,114,30,奇4偶1,大3小2,0,2,1,2,1,1,0
2024-03-20,24031,9,12,15,30,34,5,6,0,6,14,0,1,1,0,重2 短1 中0 偏1 大1,重1 短1 中0 长0,100,25,奇2偶3,大2小3,0,2,2,1,1,0,1
2024-03-18,24030,8,9,11,19,30,6,12,2,2,7,0,10,9,3,重1 短2 中0 偏2 大0,重0 短1 中0 长1,77,22,奇3偶2,大2小3,1,2,1,2,0,1,1
2024-03-16,24029,4,19,24,28,34,4,5,8,8,13,0,16,0,5,重1 短0 中0 偏2 大2,重1 短0 中1 长0,109,30,奇1偶4,大4小1,0,0,3,2,1,0,1
2024-03-13,24028,13,18,20,26,28,4,8,21,1,6,1,6,2,2,重0 短2 中0 偏2 大1,重0 短2 中0 长0,105,15,奇1偶4,大4小1,0,1,3,1,0,1,1
2024-03-11,24027,8,9,16,22,23,7,9,1,4,5,3,23,5,3,重0 短1 中3 偏0 大1,重0 短1 中1 长0,78,15,奇2偶3,大2小3,2,3,1,1,1,1,0
2024-03-09,24026,1,18,21,26,33,2,12,0,0,11,1,19,5,1,重2 短1 中0 偏0 大2,重0 短1 中1 长0,99,32,奇3偶2,大4小1,0,2,1,2,1,1,0
2024-03-06,24025,1,2,8,18,27,4,8,3,4,1,8,6,2,2,重0 短1 中2 偏2 大0,重0 短2 中0 长0,56,26,奇2偶3,大2小3,1,1,3,1,0,1,1
2024-03-04,24024,3,5,12,17,26,1,12,6,9,0,17,3,5,10,重1 短0 中1 偏2 大1,重0 短0 中1 长1,63,23,奇3偶2,大1小4,0,4,0,1,1,1,0
2024-03-02,24023,8,10,12,14,22,5,9,2,12,1,7,9,7,1,重0 短2 中0 偏2 大1,重0 短1 中1 长0,66,14,奇0偶5,大1小4,0,4,1,0,1,1,0
2024-02-28,24022,7,9,11,31,32,4,8,4,16,6,6,10,2,11,重0 短0 中1 偏3 大1,重0 短1 中0 长1,90,25,奇4偶1,大2小3,1,2,1,2,0,1,1
2024-02-26,24021,1,12,16,20,28,7,9,9,2,6,1,7,9,2,重0 短2 中0 偏3 大0,重0 短1 中0 长1,77,27,奇1偶4,大2小3,0,1,3,1,1,1,0
2024-02-24,24020,2,4,8,19,26,2,6,9,1,4,0,0,9,3,重2 短1 中1 偏1 大0,重0 短1 中0 长1,59,24,奇1偶4,大2小3,0,2,2,1,1,0,1
2024-02-21,24019,19,20,26,29,30,3,4,0,10,6,2,5,5,1,重1 短1 中1 偏2 大0,重0 短1 中1 长0,124,11,奇2偶3,大5小0,2,2,1,2,0,0,2
2024-02-19,24018,4,12,19,25,27,1,9,3,12,8,0,0,0,3,重2 短0 中1 偏1 大1,重1 短1 中0 长0,87,23,奇3偶2,大3小2,0,1,2,2,1,1,0
2024-02-07,24017,3,7,25,27,35,1,4,5,11,0,0,9,4,9,重2 短0 中1 偏1 大1,重0 短1 中0 长1,97,32,奇5偶0,大3小2,0,2,1,2,1,0,1
2024-02-05,24016,15,18,25,27,29,6,11,5,6,2,4,12,0,1,重0 短1 中2 偏1 大1,重1 短1 中0 长0,114,14,奇4偶1,大4小1,0,1,3,1,0,0,2
2024-02-03,24015,8,11,14,24,31,5,6,4,6,18,5,0,5,15,重1 短0 中2 偏1 大1,重0 短0 中1 长1,88,23,奇2偶3,大2小3,0,1,2,2,1,0,1
2024-01-31,24014,4,5,16,21,31,9,11,5,0,7,1,17,1,6,重1 短1 中1 偏1 大1,重0 短1 中1 长0,77,27,奇3偶2,大2小3,1,2,2,1,0,1,1
2024-01-29,24013,5,22,25,28,30,3,12,5,0,0,5,4,4,12,重2 短0 中3 偏0 大0,重0 短1 中0 长1,110,25,奇2偶3,大4小1,0,2,1,2,0,1,1
2024-01-27,24012,21,22,25,26,34,1,9,12,20,17,2,0,0,2,重1 短1 中0 偏0 大3,重1 短1 中0 长0,128,13,奇2偶3,大5小0,2,3,1,1,1,1,0
2024-01-24,24011,1,3,27,32,34,1,7,8,5,0,8,3,7,9,重1 短0 中2 偏2 大0,重0 短0 中1 长1,97,33,奇3偶2,大3小2,0,1,2,2,2,0,0
2024-01-22,24010,2,8,10,15,27,2,8,5,3,14,0,5,3,4,重1 短0 中3 偏0 大1,重0 短2 中0 长0,62,25,奇2偶3,大1小4,0,2,3,0,1,1,0
2024-01-20,24009,15,18,19,24,26,5,9,16,4,4,27,7,0,4,重0 短0 中2 偏1 大2,重1 短1 中0 长0,102,11,奇2偶3,大4小1,1,1,2,2,1,1,0
2024-01-17,24008,4,6,11,20,30,3,5,0,3,9,9,16,5,2,重1 短0 中1 偏2 大1,重0 短1 中1 长0,71,26,奇1偶4,大2小3,0,1,3,1,1,0,1
2024-01-15,24007,4,5,28,34,35,4,11,14,1,18,9,5,4,6,重0 短1 中1 偏1 大2,重0 短1 中1 长0,106,31,奇2偶3,大3小2,2,1,3,1,0,0,2
2024-01-13,24006,8,13,16,17,33,2,10,3,13,6,4,5,2,11,重0 短0 中3 偏1 大1,重0 短1 中0 长1,87,25,奇3偶2,大1小4,1,1,1,3,1,1,0
2024-01-10,24005,3,5,7,9,12,5,8,3,4,1,1,1,13,0,重0 短3 中2 偏0 大0,重1 短0 中0 长1,36,9,奇4偶1,大0小5,0,5,0,0,1,1,0
2024-01-08,24004,2,6,18,19,27,8,9,13,1,3,6,1,6,14,重0 短2 中1 偏1 大1,重0 短0 中1 长1,72,25,奇2偶3,大3小2,1,1,3,1,0,2,0
2024-01-06,24003,7,9,12,23,29,1,2,5,1,4,9,3,3,1,重0 短1 中3 偏1 大0,重0 短2 中0 长0,80,22,奇4偶1,大2小3,0,4,0,1,2,0,0
2024-01-03,24002,1,6,8,27,32,3,4,2,1,24,3,6,4,10,重0 短2 中1 偏1 大1,重0 短1 中0 长1,74,31,奇2偶3,大2小3,0,2,1,2,0,0,2
2024-01-01,24001,3,9,17,26,35,2,7,18,7,0,4,6,2,4,重1 短0 中1 偏2 大1,重0 短2 中0 长0,90,32,奇4偶1,大2小3,0,3,0,2,2,0,0
2023-12-30,23150,5,6,17,18,33,11,12,5,2,0,3,2,16,1,重1 短2 中2 偏0 大0,重0 短1 中0 长1,79,28,奇3偶2,大2小3,2,2,1,2,0,1,1
2023-12-27,23149,1,16,17,21,29,1,6,8,9,6,0,5,4,3,重1 短0 中1 偏3 大0,重0 短2 中0 长0,84,28,奇4偶1,大2小3,1,2,1,2,1,0,1
2023-12-25,23148,11,12,20,21,27,2,12,26,2,4,10,11,1,5,重0 短1 中1 偏1 大2,重0 短1 中1 长0,91,16,奇3偶2,大3小2,2,2,3,0,1,1,0
2023-12-23,23147,6,7,19,33,34,3,8,1,8,0,1,7,29,21,重1 短2 中0 偏2 大0,重0 短0 中0 长2,99,28,奇3偶2,大3小2,2,2,1,2,0,1,1
2023-12-20,23146,14,18,19,26,31,2,7,1,1,5,19,4,2,0,重0 短2 中2 偏0 大1,重1 短1 中0 长0,108,17,奇2偶3,大4小1,1,1,2,2,2,0,0
2023-12-18,23145,6,10,12,32,33,6,7,20,10,6,2,1,7,13,重0 短2 中0 偏2 大1,重0 短0 中1 长1,93,27,奇1偶4,大2小3,1,3,0,2,1,0,1
2023-12-16,23144,5,14,18,25,35,1,10,8,20,8,2,29,3,0,重0 短1 中0 偏2 大2,重1 短1 中0 长0,97,30,奇3偶2,大3小2,0,1,2,2,1,1,0
2023-12-13,23143,9,20,23,29,33,2,10,2,4,6,7,8,2,0,重0 短1 中1 偏3 大0,重1 短1 中0 长0,114,24,奇4偶1,大4小1,0,2,1,2,1,1,0
2023-12-11,23142,4,13,15,17,32,10,12,0,5,2,15,16,3,4,重1 短1 中1 偏0 大2,重0 短2 中0 长0,81,28,奇3偶2,大1小4,0,0,2,3,0,2,0
2023-12-09,23141,4,22,25,30,31,4,5,3,5,1,0,1,21,1,重1 短2 中2 偏0 大0,重0 短1 中0 长1,112,27,奇2偶3,大4小1,1,1,1,3,1,0,1
2023-12-06,23140,1,2,9,19,30,1,2,11,16,10,2,2,5,7,重0 短2 中0 偏1 大2,重0 短0 中2 长0,61,29,奇3偶2,大2小3,1,1,1,3,2,0,0
2023-12-04,23139,15,16,25,31,34,5,9,4,15,5,0,2,5,0,重1 短1 中2 偏0 大1,重1 短0 中1 长0,121,19,奇3偶2,大3小2,1,0,3,2,1,1,0
2023-12-02,23138,7,12,20,28,31,9,10,6,5,7,2,0,1,13,重1 短1 中1 偏2 大0,重0 短1 中0 长1,98,24,奇2偶3,大3小2,0,2,2,1,0,2,0
2023-11-29,23137,4,19,21,30,31,6,12,4,9,5,0,16,0,1,重1 短0 中2 偏1 大1,重1 短1 中0 长0,105,27,奇3偶2,大4小1,1,1,1,3,0,1,1
2023-11-27,23136,13,23,27,30,34,6,9,5,3,1,5,9,3,0,重0 短1 中3 偏1 大0,重1 短1 中0 长0,127,21,奇3偶2,大4小1,0,0,2,3,0,1,1
2023-11-25,23135,5,18,22,28,29,9,12,6,1,0,1,4,13,0,重1 短2 中1 偏1 大0,重1 短0 中0 长1,102,24,奇2偶3,大4小1,1,3,2,0,0,2,0
2023-11-22,23134,10,15,22,27,33,1,12,0,1,2,3,0,3,4,重2 短2 中1 偏0 大0,重0 短2 中0 长0,107,23,奇3偶2,大3小2,0,2,2,1,1,1,0
2023-11-20,23133,10,18,25,28,33,5,11,13,5,3,9,3,14,27,重0 短0 中3 偏1 大1,重0 短0 中0 长2,114,23,奇2偶3,大4小1,0,1,2,2,1,0,1
2023-11-18,23132,3,4,12,15,23,2,6,0,4,3,10,2,3,0,重1 短1 中2 偏1 大0,重1 短1 中0 长0,57,20,奇3偶2,大1小4,1,2,2,1,1,0,1
2023-11-15,23131,3,7,21,22,24,6,7,14,2,11,18,24,1,0,重0 短1 中0 偏0 大4,重1 短1 中0 长0,77,21,奇3偶2,大3小2,1,4,0,1,1,0,1
2023-11-13,23130,13,20,27,29,30,1,7,1,12,0,4,6,8,6,重1 短1 中1 偏1 大1,重0 短0 中2 长0,119,17,奇3偶2,大4小1,1,1,2,2,2,0,0
2023-11-11,23129,9,23,25,27,33,6,12,6,4,3,4,7,0,6,重0 短0 中3 偏2 大0,重1 短0 中1 长0,117,24,奇5偶0,大4小1,0,1,1,3,0,1,1
2023-11-08,23128,1,5,7,12,13,2,6,5,6,0,1,9,0,0,重1 短1 中1 偏2 大0,重2 短0 中0 长0,38,12,奇4偶1,大0小5,1,3,0,2,1,0,1
2023-11-06,23127,4,7,8,18,19,2,6,7,0,6,2,21,0,0,重1 短1 中0 偏2 大1,重2 短0 中0 长0,56,15,奇2偶3,大2小3,2,2,2,1,1,0,1
2023-11-04,23126,7,12,17,26,34,2,6,0,14,13,0,5,0,1,重2 短0 中1 偏0 大2,重1 短1 中0 长0,96,27,奇2偶3,大2小3,0,3,1,1,1,0,1
2023-11-01,23125,7,25,26,29,32,2,8,2,2,18,2,0,1,6,重1 短3 中0 偏0 大1,重0 短1 中1 长0,119,25,奇3偶2,大4小1,1,3,0,2,1,1,0
2023-10-30,23124,6,18,23,27,32,6,10,5,6,2,9,10,17,1,重0 短1 中1 偏3 大0,重0 短1 中0 长1,106,26,奇2偶3,大4小1,0,1,2,2,0,1,1
2023-10-28,23123,2,14,16,28,30,2,7,2,3,2,11,8,7,12,重0 短2 中1 偏1 大1,重0 短0 中1 长1,90,28,奇0偶5,大2小3,0,0,4,1,2,0,0
2023-10-25,23122,1,7,9,25,29,10,12,5,3,5,3,5,1,10,重0 短0 中5 偏0 大0,重0 短1 中0 长1,71,28,奇5偶0,大2小3,0,3,0,2,0,2,0
2023-10-23,23121,5,11,15,23,33,1,9,3,8,3,5,2,0,4,重0 短1 中3 偏1 大0,重1 短1 中0 长0,87,28,奇5偶0,大2小3,0,1,2,2,1,1,0
2023-10-21,23120,2,8,16,31,34,1,10,5,0,12,4,4,5,0,重1 短0 中3 偏0 大1,重1 短0 中1 长0,91,32,奇1偶4,大2小3,0,1,3,1,1,1,0
2023-10-18,23119,4,8,10,14,21,4,10,8,5,3,17,9,1,3,重0 短0 中2 偏2 大1,重0 短2 中0 长0,57,17,奇1偶4,大1小4,0,3,2,0,0,1,1
2023-10-16,23118,6,7,13,25,33,5,8,4,0,7,3,4,19,7,重1 短0 中3 偏1 大0,重0 短0 中1 长1,84,27,奇4偶1,大2小3,1,2,0,3,1,1,0
2023-10-14,23117,5,7,15,18,20,3,4,8,1,5,0,11,3,0,重1 短1 中1 偏1 大1,重1 短1 中0 长0,65,15,奇3偶2,大2小3,0,2,3,0,0,0,2
2023-10-11,23116,1,3,9,18,29,4,9,3,4,5,8,24,28,3,重0 短0 中3 偏1 大1,重0 短1 中0 长1,60,28,奇4偶1,大2小3,0,3,1,1,0,1,1
2023-10-09,23115,7,10,23,31,34,2,10,9,44,15,5,16,2,0,重0 短0 中1 偏1 大3,重1 短1 中0 长0,105,27,奇3偶2,大3小2,0,2,1,2,1,1,0
2023-10-07,23114,2,25,27,30,35,1,10,11,8,1,0,2,7,0,重1 短2 中0 偏1 大1,重1 短0 中1 长0,119,33,奇3偶2,大4小1,0,0,2,3,1,1,0
2023-09-30,23113,6,8,30,32,33,3,10,4,7,4,4,8,5,5,重0 短0 中3 偏2 大0,重0 短0 中2 长0,109,27,奇1偶4,大3小2,1,2,0,3,0,1,1
2023-09-27,23112,1,11,17,22,27,2,9,2,1,1,2,33,0,2,重0 短4 中0 偏0 大1,重1 短1 中0 长0,78,26,奇4偶1,大2小3,0,1,2,2,1,1,0
2023-09-25,23111,3,12,15,28,35,2,12,18,1,3,4,10,1,16,重0 短1 中2 偏1 大1,重0 短1 中0 长1,93,32,奇3偶2,大2小3,0,2,2,1,1,1,0
2023-09-23,23110,4,9,11,13,17,7,8,7,10,6,9,1,7,1,重0 短1 中0 偏4 大0,重0 短1 中1 长0,54,13,奇4偶1,大0小5,0,1,2,2,1,1,0
2023-09-20,23109,1,12,21,22,31,2,9,1,1,12,9,2,0,8,重0 短3 中0 偏1 大1,重1 短0 中1 长0,87,30,奇3偶2,大3小2,1,3,0,2,1,1,0
2023-09-18,23108,5,6,17,30,32,2,8,23,3,6,9,3,2,3,重0 短0 中2 偏2 大1,重0 短2 中0 长0,90,27,奇2偶3,大2小3,1,2,0,3,1,1,0
2023-09-16,23107,1,12,15,16,18,3,10,26,12,2,0,9,9,2,重1 短1 中0 偏1 大2,重0 短1 中0 长1,62,17,奇2偶3,大1小4,1,1,3,1,0,1,1
2023-09-13,23106,16,24,26,28,31,1,6,1,17,13,4,2,12,6,重0 短2 中1 偏0 大2,重0 短0 中1 长1,125,15,奇1偶4,大4小1,0,1,2,2,1,0,1
2023-09-11,23105,7,8,19,20,25,2,11,2,1,1,7,21,15,1,重0 短3 中0 偏1 大1,重0 短1 中0 长1,79,18,奇3偶2,大3小2,2,2,1,2,1,0,1
2023-09-09,23104,6,15,16,32,33,8,10,2,5,1,0,1,0,2,重1 短3 中1 偏0 大0,重1 短1 中0 长0,102,27,奇2偶3,大2小3,2,1,2,2,0,2,0
2023-09-06,23103,8,11,19,31,32,8,11,7,3,2,6,7,8,0,重0 短1 中1 偏3 大0,重1 短0 中1 长0,101,24,奇3偶2,大3小2,1,1,1,3,0,1,1
2023-09-04,23102,2,4,7,16,33,7,11,3,1,3,0,31,0,1,重1 短1 中2 偏0 大1,重1 短1 中0 长0,62,31,奇2偶3,大1小4,0,1,3,1,1,0,1
2023-09-02,23101,6,14,16,17,28,7,10,0,4,8,7,5,1,4,重1 短0 中2 偏2 大0,重0 短2 中0 长0,81,22,奇1偶4,大1小4,1,1,3,1,1,1,0
2023-08-30,23100,4,6,13,19,35,9,11,12,2,0,4,9,1,8,重1 短1 中1 偏1 大1,重0 短1 中1 长0,77,31,奇3偶2,大2小3,0,1,1,3,0,1,1
2023-08-28,23099,9,11,13,22,23,6,7,16,5,15,1,17,21,3,重0 短1 中1 偏0 大3,重0 短1 中0 长1,78,14,奇4偶1,大2小3,1,2,1,2,1,0,1
2023-08-26,23098,2,7,15,30,34,5,9,15,0,11,17,2,4,0,重1 短1 中0 偏0 大3,重1 短1 中0 长0,88,32,奇2偶3,大2小3,0,1,3,1,1,1,0
2023-08-23,23097,6,7,18,20,22,3,9,0,0,5,7,2,0,8,重2 短1 中1 偏1 大0,重1 短0 中1 长0,73,16,奇1偶4,大3小2,1,3,2,0,0,1,1
2023-08-21,23096,6,7,14,21,31,3,10,4,20,2,2,10,0,12,重0 短2 中1 偏1 大1,重1 短0 中0 长1,79,25,奇3偶2,大2小3,1,3,1,1,0,1,1
2023-08-19,23095,8,19,28,32,34,3,7,4,0,0,0,15,2,3,重3 短0 中1 偏0 大1,重0 短2 中0 长0,121,26,奇1偶4,大4小1,0,1,2,2,1,0,1
2023-08-16,23094,12,19,22,28,32,8,12,3,0,5,2,1,9,1,重1 短2 中2 偏0 大0,重0 短1 中0 长1,113,20,奇1偶4,大4小1,0,2,1,2,0,2,0
2023-08-14,23093,11,14,17,19,21,1,5,2,4,17,2,0,12,5,重1 短2 中1 偏0 大1,重0 短0 中1 长1,82,10,奇4偶1,大2小3,0,1,2,2,2,0,0
2023-08-12,23092,3,16,21,26,32,3,12,2,0,8,2,7,9,1,重1 短2 中0 偏2 大0,重0 短1 中0 长1,98,29,奇2偶3,大3小2,0,3,1,1,0,1,1
2023-08-09,23091,6,16,18,28,29,7,11,9,2,13,9,11,4,0,重0 短1 中0 偏2 大2,重1 短1 中0 长0,97,23,奇1偶4,大3小2,1,2,3,0,1,0,1
2023-08-07,23090,8,11,12,19,35,11,12,1,3,0,2,0,3,0,重2 短2 中1 偏0 大0,重1 短1 中0 长0,85,27,奇3偶2,大2小3,1,2,1,2,0,1,1
2023-08-05,23089,3,12,20,26,35,2,12,1,3,2,3,2,12,0,重0 短3 中2 偏0 大0,重1 短0 中0 长1,96,32,奇2偶3,大3小2,0,3,1,1,1,1,0
2023-08-02,23088,8,14,16,22,24,9,12,3,15,0,13,0,4,16,重2 短0 中1 偏0 大2,重0 短1 中0 长1,84,16,奇0偶5,大2小3,0,2,2,1,0,2,0
2023-07-31,23087,3,4,16,19,24,4,5,0,,6,,2,14,1,重1 短1 中0 偏1 大2,重0 短1 中0 长1,66,21,奇2偶3,大2小3,1,1,2,2,1,0,1
2023-07-29,23086,3,11,15,20,35,7,11,1,0,2,3,0,0,5,重2 短2 中1 偏0 大0,重1 短0 中1 长0,84,32,奇4偶1,大2小3,0,1,3,1,1,0,1
2023-07-26,23085,11,12,26,31,35,5,7,8,13,5,16,3,5,0,重0 短0 中2 偏1 大2,重1 短0 中1 长0,115,24,奇3偶2,大3小2,1,2,1,2,2,0,0
2023-07-24,23084,3,5,8,24,32,7,8,5,2,1,15,0,2,4,重1 短2 中1 偏0 大1,重0 短2 中0 长0,72,29,奇2偶3,大2小3,0,3,0,2,1,1,0
2023-07-22,23083,13,15,21,25,32,9,10,8,0,13,9,7,0,1,重1 短0 中0 偏3 大1,重1 短1 中0 长0,106,19,奇4偶1,大3小2,0,1,1,3,0,2,0
2023-07-19,23082,2,8,9,15,20,3,9,1,2,1,8,6,4,7,重0 短3 中0 偏2 大0,重0 短1 中1 长0,54,18,奇2偶3,大1小4,1,2,3,0,0,1,1
2023-07-17,23081,5,6,23,28,35,7,10,3,1,5,7,3,2,7,重0 短1 中3 偏1 大0,重0 短1 中1 长0,97,30,奇3偶2,大3小2,1,2,1,2,1,1,0
2023-07-15,23080,1,2,9,16,30,1,11,,1,3,2,6,13,4,重0 短2 中1 偏1 大1,重0 短1 中0 长1,58,29,奇2偶3,大1小4,1,1,2,2,1,0,1
2023-07-12,23079,6,8,26,29,34,5,8,0,2,0,4,2,3,0,重2 短2 中1 偏0 大0,重1 短1 中0 长0,103,28,奇1偶4,大3小2,0,4,1,0,1,1,0
2023-07-10,23078,2,3,6,26,27,7,8,6,3,5,0,9,1,4,重1 短0 中2 偏2 大0,重0 短2 中0 长0,64,25,奇2偶3,大2小3,2,3,2,0,1,1,0
2023-07-08,23077,5,16,18,26,35,3,6,4,,,0,3,6,,重1 短0 中2 偏0 大2,重0 短0 中1 长1,100,30,奇2偶3,大3小2,0,2,2,1,0,0,2
2023-07-05,23076,8,9,11,26,34,2,7,6,3,3,5,1,1,6,重0 短1 中3 偏1 大0,重0 短1 中1 长0,88,26,奇2偶3,大2小3,1,3,2,0,2,0,0
2023-07-03,23075,7,17,20,23,32,5,11,,,5,,3,5,4,重0 短0 中2 偏0 大3,重0 短1 中1 长0,99,25,奇3偶2,大3小2,0,1,1,3,1,0,1
2023-07-01,23074,3,13,22,29,34,2,9,,7,5,3,2,1,,重0 短1 中2 偏1 大1,重0 短1 中0 长1,101,31,奇3偶2,大3小2,0,3,1,1,1,1,0
2023-06-28,23073,15,25,28,30,35,8,10,,3,5,5,5,4,1,重0 短0 中4 偏0 大1,重0 短2 中0 长0,133,20,奇3偶2,大4小1,0,0,2,3,0,2,0
2023-06-26,23072,5,6,9,11,14,2,4,,5,,0,,4,,重1 短0 中1 偏0 大3,重0 短1 中0 长1,45,9,奇3偶2,大0小5,1,3,2,0,1,0,1
2023-06-24,23071,2,11,12,32,34,10,12,3,4,,0,,3,,重1 短0 中2 偏0 大2,重0 短1 中0 长1,91,32,奇1偶4,大2小3,1,1,3,1,0,2,0
2023-06-21,23070,10,26,29,32,33,3,11,,,,0,2,3,,重1 短1 中0 偏0 大3,重0 短1 中0 长1,130,23,奇2偶3,大4小1,1,3,0,2,0,0,2
2023-06-19,23069,8,20,21,25,32,5,7,,,0,,2,,0,重1 短1 中0 偏0 大3,重1 短0 中0 长1,106,24,奇2偶3,大4小1,1,2,1,2,2,0,0
2023-06-17,23068,21,22,24,27,31,7,8,,,,,,,,重0 短0 中0 偏0 大5,重0 短0 中0 长2,125,10,奇3偶2,大5小0,1,2,1,2,1,1,0
2023-06-14,23067,2,28,30,33,35,2,10,,,0,,,,,重1 短0 中0 偏0 大4,重0 短0 中0 长2,128,33,奇2偶3,大4小1,0,0,2,3,1,1,0
2023-06-12,23066,6,11,13,30,32,1,3,,,,,,,,重0 短0 中0 偏0 大5,重0 短0 中0 长2,92,26,奇2偶3,大2小3,0,1,1,3,1,0,1
