draw_date,issue,f1,f2,f3,f4,f5,b1,b2
2026-10-05,26113,2,4,6,10,11,1,10
2026-09-30,26112,1,3,5,10,22,3,9
2026-09-28,26111,10,11,17,26,29,1,3
2026-09-26,26110,3,24,25,26,35,7,9
2026-09-23,26109,12,14,16,27,34,4,8
2026-09-21,26108,1,5,7,21,35,1,4
2026-09-19,26107,2,5,7,14,22,4,10
2026-09-16,26106,14,17,21,25,28,4,6
2026-09-14,26105,10,14,30,33,34,9,12
2026-09-12,26104,1,6,14,15,26,8,9
2026-09-09,26103,3,16,17,32,35,2,12
2026-09-07,26102,1,3,7,27,28,6,7
2026-09-05,26101,9,11,18,26,33,9,11
2026-09-02,26100,2,6,11,15,31,7,8
2026-08-31,26099,2,17,20,29,33,8,9
2026-08-29,26098,7,9,18,19,21,2,9
2026-08-26,26097,3,10,12,20,25,1,9
2026-08-24,26096,8,9,10,11,25,4,12
2026-08-22,26095,4,6,8,10,14,4,5
2026-08-19,26094,5,14,15,17,33,1,7
2026-08-17,26093,8,10,22,26,29,3,10
2026-08-15,26092,12,16,19,29,33,7,9
2026-08-12,26091,3,4,7,12,32,1,2
2026-08-10,26090,9,14,17,19,24,2,9
2026-08-08,26089,3,7,12,14,26,5,11
2026-08-05,26088,3,9,11,24,27,5,11
2026-08-03,26087,5,10,16,24,27,4,10
2026-08-01,26086,10,11,18,22,35,6,12
2026-07-29,26085,3,4,14,28,31,5,7
2026-07-27,26084,13,25,30,32,33,4,5
2026-07-25,26083,14,15,16,23,26,7,9
2026-07-22,26082,16,26,27,28,34,2,6
2026-07-20,26081,8,16,18,24,34,9,12
2026-07-18,26080,5,10,15,21,23,7,8
2026-07-15,26079,6,8,23,26,27,5,12
2026-07-13,26078,2,13,20,25,32,8,11
2026-07-11,26077,4,14,19,24,27,6,7
2026-07-08,26076,15,20,27,28,35,2,11
2026-07-06,26075,1,6,16,18,26,4,10
2026-07-04,26074,1,4,10,23,25,1,12
2026-07-01,26073,4,10,22,23,33,2,12
2026-06-29,26072,1,13,26,29,30,9,11
2026-06-27,26071,5,13,22,26,32,2,3
2026-06-24,26070,4,5,15,21,32,2,11
2026-06-22,26069,12,19,21,24,29,3,10
2026-06-20,26068,3,11,12,21,22,6,10
2026-06-17,26067,6,16,18,19,28,7,11
2026-06-15,26066,10,13,19,21,30,4,5
2026-06-13,26065,4,11,12,13,25,4,8
2026-06-10,26064,3,13,15,17,21,2,7
2026-06-08,26063,3,15,20,29,31,1,12
2026-06-06,26062,7,15,20,24,29,4,10
2026-06-03,26061,10,12,26,31,35,2,12
2026-06-01,26060,22,28,30,31,34,1,5
2026-05-30,26059,6,13,17,19,26,7,8
2026-05-27,26058,7,12,13,18,34,1,5
2026-05-25,26057,23,25,26,27,34,4,10
2026-05-23,26056,6,7,18,21,30,1,5
2026-05-20,26055,9,10,20,33,35,4,11
2026-05-18,26054,2,6,14,22,24,8,11
2026-05-16,26053,2,9,14,20,31,5,9
2026-05-13,26052,2,3,20,28,33,2,12
2026-05-11,26051,13,18,28,32,33,2,11
2026-05-09,26050,6,10,14,23,33,8,10
2026-05-06,26049,1,6,14,15,17,2,3
2026-05-04,26048,11,17,20,23,35,1,10
2026-05-02,26047,9,20,21,23,28,6,11
2026-04-29,26046,1,13,18,27,33,4,7
2026-04-27,26045,1,15,21,26,33,4,7
2026-04-25,26044,3,8,22,26,29,7,10
2026-04-22,26043,8,12,14,19,22,11,12
2026-04-20,26042,2,7,13,19,24,3,8
2026-04-18,26041,24,25,27,29,34,2,6
2026-04-15,26040,6,12,13,21,34,8,9
2026-04-13,26039,9,11,20,26,27,6,9
2026-04-11,26038,8,17,21,33,35,6,7
2026-04-08,26037,7,12,13,28,32,6,8
2026-04-06,26036,4,7,16,26,32,5,8
2026-04-04,26035,2,22,30,33,34,8,12
2026-04-01,26034,11,12,25,26,27,8,11
2026-03-30,26033,3,5,7,9,18,2,10
2026-03-28,26032,3,4,19,26,32,1,12
2026-03-25,26031,6,8,22,29,34,5,7
2026-03-23,26030,2,13,22,28,34,5,12
2026-03-21,26029,3,5,17,33,35,5,7
2026-03-18,26028,15,27,29,30,34,1,10
2026-03-16,26027,9,10,11,12,16,1,11
2026-03-14,26026,10,11,22,26,32,1,8
2026-03-11,26025,3,15,24,28,29,3,7
2026-03-09,26024,2,4,8,10,21,9,12
2026-03-07,26023,9,25,26,27,28,1,8
2026-03-04,26022,5,9,10,18,26,5,6
2026-03-02,26021,5,8,12,14,17,4,5
2026-02-28,26020,1,10,21,23,29,10,12
2026-02-25,26019,12,13,14,16,31,4,12
2026-02-11,26018,9,11,19,30,35,1,12
2026-02-09,26017,4,5,10,23,31,7,12
2026-02-07,26016,8,9,12,19,24,1,6
2026-02-04,26015,1,4,10,13,17,3,11
2026-02-02,26014,16,18,23,34,35,1,6
2026-01-31,26013,3,5,6,23,26,1,4
2026-01-28,26012,1,2,9,22,25,1,6
2026-01-26,26011,14,21,23,29,33,2,10
2026-01-24,26010,2,3,13,18,26,2,9
2026-01-21,26009,5,12,13,14,33,5,8
2026-01-19,26008,3,6,17,21,33,5,11
2026-01-17,26007,1,3,13,20,26,3,10
2026-01-14,26006,5,12,18,23,35,6,12
2026-01-12,26005,2,4,16,23,35,6,11
2026-01-10,26004,5,18,23,25,32,5,9
2026-01-07,26003,2,9,11,15,16,2,4
2026-01-05,26002,4,8,15,20,31,7,8
2026-01-03,26001,7,9,23,27,32,2,8
2025-12-31,25150,13,14,15,28,31,1,5
2025-12-29,25149,24,26,30,31,32,5,12
2025-12-27,25148,3,4,14,30,32,8,12
2025-12-24,25147,6,16,21,25,33,7,8
2025-12-22,25146,6,11,13,16,22,2,3
2025-12-20,25145,5,7,20,22,25,4,5
2025-12-17,25144,2,5,13,15,28,5,8
2025-12-15,25143,3,4,18,24,29,7,12
2025-12-13,25142,9,10,14,27,29,2,9
2025-12-10,25141,4,9,24,28,29,2,10
2025-12-08,25140,4,5,13,18,34,2,8
2025-12-06,25139,8,18,22,30,35,1,4
2025-12-03,25138,1,3,19,21,23,7,11
2025-12-01,25137,7,8,9,11,22,5,11
2025-11-29,25136,7,11,15,16,23,9,11
2025-11-26,25135,2,10,16,28,32,1,7
2025-11-24,25134,7,12,18,27,33,9,10
2025-11-22,25133,4,11,23,27,35,7,11
2025-11-19,25132,1,9,10,12,19,6,7
2025-11-17,25131,3,8,25,29,32,9,12
2025-11-15,25130,1,13,16,27,29,2,11
2025-11-12,25129,3,9,14,28,35,2,4
2025-11-10,25128,3,6,26,30,33,11,12
2025-11-08,25127,4,5,19,28,29,5,8
2025-11-05,25126,1,8,18,27,30,6,7
2025-11-03,25125,10,11,13,19,35,4,11
2025-11-01,25124,6,9,14,26,27,8,9
2025-10-29,25123,8,13,24,25,31,4,10
2025-10-27,25122,2,3,6,16,17,4,5
2025-10-25,25121,2,3,8,13,21,7,12
2025-10-22,25120,11,13,22,26,35,2,8
2025-10-20,25119,8,15,27,29,31,1,7
2025-10-18,25118,2,8,9,12,21,4,5
2025-10-15,25117,5,10,18,21,29,5,7
2025-10-13,25116,2,6,16,22,29,8,12
2025-10-11,25115,3,12,14,21,35,1,5
2025-10-08,25114,3,8,9,12,16,1,5
2025-10-06,25113,1,14,18,28,35,2,3
2025-09-29,25112,3,4,21,23,24,9,12
2025-09-27,25111,2,9,14,21,26,2,12
2025-09-24,25110,1,15,22,30,31,2,8
2025-09-22,25109,4,8,10,13,26,9,10
2025-09-20,25108,14,18,21,24,29,3,6
2025-09-17,25107,5,7,8,15,33,6,10
2025-09-15,25106,5,6,11,26,29,5,10
2025-09-13,25105,15,16,25,28,34,10,12
2025-09-10,25104,2,6,9,22,34,2,8
2025-09-08,25103,5,8,19,32,34,4,5
2025-09-06,25102,9,10,13,26,28,2,4
2025-09-03,25101,5,7,19,26,32,8,9
2025-09-01,25100,26,28,32,34,35,2,7
2025-08-30,25099,6,12,20,26,31,2,4
2025-08-27,25098,1,7,9,10,23,10,12
2025-08-25,25097,5,24,25,32,34,1,9
2025-08-23,25096,2,11,17,22,24,7,9
2025-08-20,25095,7,13,14,19,27,6,10
2025-08-18,25094,4,9,17,30,33,5,9
2025-08-16,25093,1,7,9,16,30,2,5
2025-08-13,25092,4,10,17,25,32,5,7
2025-08-11,25091,1,19,22,25,27,3,10
2025-08-09,25090,6,14,19,22,27,1,4
2025-08-06,25089,2,11,12,32,34,3,10
2025-08-04,25088,8,9,10,11,35,5,11
2025-08-02,25087,5,13,14,16,20,3,8
2025-07-30,25086,2,6,23,24,33,1,10
2025-07-28,25085,2,5,9,14,33,4,9
2025-07-26,25084,9,11,13,18,29,4,11
2025-07-23,25083,12,17,18,20,34,2,5
2025-07-21,25082,2,3,4,12,26,1,8
2025-07-19,25081,1,4,6,15,18,2,3
2025-07-16,25080,9,10,18,22,24,3,12
2025-07-14,25079,2,14,32,34,35,5,11
2025-07-12,25078,7,10,15,21,24,5,6
2025-07-09,25077,12,14,16,19,28,1,4
2025-07-07,25076,11,18,22,25,29,4,12
2025-07-05,25075,8,12,16,19,35,6,9
2025-07-02,25074,2,11,15,18,21,5,10
2025-06-30,25073,1,4,17,33,34,3,9
2025-06-28,25072,4,7,15,24,29,1,4
2025-06-25,25071,1,8,25,31,33,5,11
2025-06-23,25070,8,9,15,20,22,4,12
2025-06-21,25069,4,6,7,33,34,9,10
2025-06-18,25068,1,4,17,20,22,4,10
2025-06-16,25067,6,10,12,21,22,1,6
2025-06-14,25066,15,18,27,28,34,3,6
2025-06-11,25065,7,25,32,33,35,4,9
2025-06-09,25064,5,10,18,20,34,1,8
2025-06-07,25063,5,18,26,29,32,7,10
2025-06-04,25062,14,20,27,28,29,6,10
2025-06-02,25061,2,11,16,23,28,5,10
2025-05-31,25060,12,14,19,33,34,1,7
2025-05-28,25059,3,9,10,11,26,1,2
2025-05-26,25058,6,11,15,21,23,1,7
2025-05-24,25057,9,10,11,12,29,1,10
2025-05-21,25056,12,15,28,29,32,8,11
2025-05-19,25055,8,10,25,29,30,1,2
2025-05-17,25054,3,12,16,21,29,1,2
2025-05-14,25053,14,23,29,30,33,6,12
2025-05-12,25052,2,4,11,29,30,2,8
2025-05-10,25051,2,4,13,29,31,5,12
2025-05-07,25050,15,18,20,21,34,4,10
2025-05-05,25049,9,20,22,29,34,3,8
2025-05-03,25048,2,6,17,23,35,6,11
2025-04-30,25047,3,10,11,12,21,2,3
2025-04-28,25046,4,10,15,20,34,4,7
2025-04-26,25045,8,11,21,23,27,3,8
2025-04-23,25044,15,17,21,22,26,2,8
2025-04-21,25043,3,16,20,21,27,9,11
2025-04-19,25042,6,8,11,18,20,5,11
2025-04-16,25041,3,4,21,22,27,5,11
2025-04-14,25040,2,8,16,31,32,4,12
2025-04-12,25039,3,7,14,15,19,6,10
2025-04-09,25038,7,8,20,26,34,8,9
2025-04-07,25037,5,20,23,27,31,4,6
2025-04-05,25036,4,7,13,27,30,2,6
2025-04-02,25035,22,25,28,29,30,4,8
2025-03-31,25034,4,15,22,28,33,6,8
2025-03-29,25033,1,2,8,10,33,10,12
2025-03-26,25032,12,22,25,27,28,1,2
2025-03-24,25031,14,18,20,25,35,1,7
2025-03-22,25030,3,9,14,24,28,6,7
2025-03-19,25029,5,9,26,31,33,3,10
2025-03-17,25028,6,8,20,25,29,3,7
2025-03-15,25027,3,6,11,13,20,1,11
2025-03-12,25026,2,3,7,17,30,1,9
2025-03-10,25025,3,6,8,10,25,3,7
2025-03-08,25024,6,12,13,16,23,5,8
2025-03-05,25023,10,20,22,24,25,9,12
2025-03-03,25022,1,11,13,27,29,4,10
2025-03-01,25021,10,18,25,30,35,3,12
2025-02-26,25020,1,9,12,22,29,5,9
2025-02-24,25019,7,8,11,18,23,3,11
2025-02-22,25018,1,7,9,20,28,1,4
2025-02-19,25017,10,12,26,28,31,3,10
2025-02-17,25016,5,7,12,20,29,8,12
2025-02-15,25015,7,10,24,31,35,1,8
2025-02-12,25014,5,19,22,29,35,2,10
2025-02-10,25013,14,16,18,20,35,2,5
2025-02-08,25012,2,18,19,21,25,2,11
2025-01-25,25011,3,6,7,11,27,2,8
2025-01-22,25010,5,21,28,30,32,7,12
2025-01-20,25009,3,19,21,30,32,6,9
2025-01-18,25008,1,5,7,13,35,5,12
2025-01-15,25007,15,22,23,25,31,1,9
2025-01-13,25006,3,4,13,19,35,3,10
2025-01-11,25005,5,6,8,31,32,9,11
2025-01-08,25004,2,5,9,13,33,1,7
2025-01-06,25003,10,25,30,32,34,4,10
2025-01-04,25002,19,21,22,28,32,6,9
2025-01-01,25001,5,8,16,17,27,4,7
2024-12-30,24152,1,2,7,8,31,2,10
2024-12-28,24151,5,12,17,19,35,10,11
2024-12-25,24150,4,11,23,25,34,5,7
2024-12-23,24149,2,5,16,18,22,7,9
2024-12-21,24148,6,9,20,32,35,8,11
2024-12-18,24147,12,18,21,22,31,1,7
2024-12-16,24146,5,20,21,22,32,3,4
2024-12-14,24145,1,6,9,22,24,1,3
2024-12-11,24144,6,7,8,21,30,1,5
2024-12-09,24143,16,20,22,24,31,4,5
2024-12-07,24142,8,21,24,33,34,3,10
2024-12-04,24141,2,6,7,16,20,2,11
2024-12-02,24140,3,6,15,23,31,1,12
2024-11-30,24139,5,12,20,23,24,5,7
2024-11-27,24138,5,17,20,28,34,4,9
2024-11-25,24137,8,15,16,17,21,2,5
2024-11-23,24136,1,17,20,29,34,7,8
2024-11-20,24135,6,8,22,24,30,3,8
2024-11-18,24134,1,4,7,13,33,5,6
2024-11-16,24133,8,10,14,22,29,4,6
2024-11-13,24132,5,6,10,16,31,6,9
2024-11-11,24131,2,3,4,21,26,2,3
2024-11-09,24130,11,21,25,31,32,4,10
2024-11-06,24129,7,19,30,31,34,5,7
2024-11-04,24128,3,7,10,29,31,1,3
2024-11-02,24127,2,3,10,16,28,7,10
2024-10-30,24126,2,10,17,28,34,7,8
2024-10-28,24125,10,14,19,24,26,1,10
2024-10-26,24124,2,3,7,10,25,1,11
2024-10-23,24123,3,9,16,30,31,8,9
2024-10-21,24122,5,6,9,15,17,3,10
2024-10-19,24121,7,15,18,24,33,4,5
2024-10-16,24120,4,12,17,23,27,2,8
2024-10-14,24119,6,12,28,30,33,2,7
2024-10-12,24118,1,3,9,16,19,5,11
2024-10-09,24117,2,10,22,26,28,2,4
2024-10-07,24116,1,3,6,16,25,1,11
2024-10-05,24115,3,4,12,19,24,8,12
2024-09-30,24114,12,27,30,34,35,5,11
2024-09-28,24113,16,18,25,26,33,4,8
2024-09-25,24112,5,15,24,31,34,3,10
2024-09-23,24111,3,9,19,27,30,7,11
2024-09-21,24110,1,7,8,18,28,4,12
2024-09-18,24109,12,23,26,27,28,3,11
2024-09-16,24108,16,17,21,31,34,3,8
2024-09-14,24107,6,14,16,18,34,3,10
2024-09-11,24106,5,11,19,22,29,2,12
2024-09-09,24105,14,20,21,28,32,9,11
2024-09-07,24104,1,4,9,13,17,6,9
2024-09-04,24103,19,21,29,32,33,6,8
2024-09-02,24102,1,5,9,14,20,5,11
2024-08-31,24101,16,19,22,27,35,6,10
2024-08-28,24100,2,12,19,22,32,5,11
2024-08-26,24099,4,10,24,31,35,5,8
2024-08-24,24098,3,10,15,19,29,9,10
2024-08-21,24097,7,11,12,14,19,2,8
2024-08-19,24096,2,3,23,27,31,1,10
2024-08-17,24095,1,7,19,26,27,3,5
2024-08-14,24094,12,13,24,29,31,2,8
2024-08-12,24093,16,24,26,28,29,8,12
2024-08-10,24092,2,4,25,26,31,1,6
2024-08-07,24091,1,8,11,17,21,1,2
2024-08-05,24090,2,3,6,28,33,7,11
2024-08-03,24089,5,6,29,30,34,7,8
2024-07-31,24088,1,2,23,28,32,3,5
2024-07-29,24087,7,10,20,28,34,5,10
2024-07-27,24086,11,12,14,22,28,7,11
2024-07-24,24085,2,9,16,29,35,1,6
2024-07-22,24084,4,11,16,17,23,5,10
2024-07-20,24083,9,11,12,13,30,7,9
2024-07-17,24082,8,21,23,24,26,4,5
2024-07-15,24081,14,15,25,27,34,1,10
2024-07-13,24080,3,5,24,27,28,9,11
2024-07-10,24079,3,8,17,18,23,6,11
2024-07-08,24078,5,7,10,14,15,4,7
2024-07-06,24077,1,3,25,26,29,6,12
2024-07-03,24076,1,6,22,27,35,7,12
2024-07-01,24075,8,17,26,28,32,1,10
2024-06-29,24074,2,10,11,21,27,9,11
2024-06-26,24073,7,9,12,21,23,5,9
2024-06-24,24072,4,17,21,23,32,1,6
2024-06-22,24071,6,10,15,34,35,2,10
2024-06-19,24070,4,20,21,32,34,2,9
2024-06-17,24069,7,9,16,20,24,3,7
2024-06-15,24068,15,20,31,32,33,5,10
2024-06-12,24067,3,11,14,20,22,6,9
2024-06-10,24066,13,19,20,24,25,6,7
2024-06-08,24065,5,10,18,26,27,3,6
2024-06-05,24064,5,12,21,32,33,8,9
2024-06-03,24063,7,12,16,33,34,1,3
2024-06-01,24062,5,14,15,16,33,3,5
2024-05-29,24061,1,12,19,31,33,5,8
2024-05-27,24060,3,21,25,28,30,1,12
2024-05-25,24059,17,18,20,25,31,3,12
2024-05-22,24058,6,10,13,20,32,1,2
2024-05-20,24057,9,25,30,33,34,3,9
2024-05-18,24056,16,17,18,27,35,6,12
2024-05-15,24055,7,17,22,30,34,5,7
2024-05-13,24054,5,6,9,11,22,1,3
2024-05-11,24053,1,7,19,20,35,3,9
2024-05-08,24052,2,3,13,22,34,4,8
2024-05-06,24051,5,21,22,23,29,1,2
2024-05-04,24050,3,4,14,18,26,7,9
2024-05-01,24049,4,6,9,10,22,1,8
2024-04-29,24048,12,18,21,26,28,8,9
2024-04-27,24047,11,19,21,26,35,10,11
2024-04-24,24046,6,12,17,29,30,7,11
2024-04-22,24045,9,10,14,31,32,3,8
2024-04-20,24044,3,13,15,17,22,6,10
2024-04-17,24043,3,4,8,14,27,5,7
2024-04-15,24042,1,8,15,23,35,5,12
2024-04-13,24041,6,8,14,16,28,3,5
2024-04-10,24040,5,12,16,29,30,3,6
2024-04-08,24039,3,10,11,20,22,6,10
2024-04-06,24038,15,22,24,25,29,1,5
2024-04-03,24037,17,19,20,29,35,7,11
2024-04-01,24036,2,5,11,32,34,6,10
2024-03-30,24035,5,13,17,29,33,5,12
2024-03-27,24034,23,26,27,29,33,5,8
2024-03-25,24033,4,8,10,11,15,7,9
2024-03-23,24032,5,15,26,33,35,1,9
2024-03-20,24031,9,12,15,30,34,5,6
2024-03-18,24030,8,9,11,19,30,6,12
2024-03-16,24029,4,19,24,28,34,4,5
2024-03-13,24028,13,18,20,26,28,4,8
2024-03-11,24027,8,9,16,22,23,7,9
2024-03-09,24026,1,18,21,26,33,2,12
2024-03-06,24025,1,2,8,18,27,4,8
2024-03-04,24024,3,5,12,17,26,1,12
2024-03-02,24023,8,10,12,14,22,5,9
2024-02-28,24022,7,9,11,31,32,4,8
2024-02-26,24021,1,12,16,20,28,7,9
2024-02-24,24020,2,4,8,19,26,2,6
2024-02-21,24019,19,20,26,29,30,3,4
2024-02-19,24018,4,12,19,25,27,1,9
2024-02-07,24017,3,7,25,27,35,1,4
2024-02-05,24016,15,18,25,27,29,6,11
2024-02-03,24015,8,11,14,24,31,5,6
2024-01-31,24014,4,5,16,21,31,9,11
2024-01-29,24013,5,22,25,28,30,3,12
2024-01-27,24012,21,22,25,26,34,1,9
2024-01-24,24011,1,3,27,32,34,1,7
2024-01-22,24010,2,8,10,15,27,2,8
2024-01-20,24009,15,18,19,24,26,5,9
2024-01-17,24008,4,6,11,20,30,3,5
2024-01-15,24007,4,5,28,34,35,4,11
2024-01-13,24006,8,13,16,17,33,2,10
2024-01-10,24005,3,5,7,9,12,5,8
2024-01-08,24004,2,6,18,19,27,8,9
2024-01-06,24003,7,9,12,23,29,1,2
2024-01-03,24002,1,6,8,27,32,3,4
2024-01-01,24001,3,9,17,26,35,2,7
2023-12-30,23150,5,6,17,18,33,11,12
2023-12-27,23149,1,16,17,21,29,1,6
2023-12-25,23148,11,12,20,21,27,2,12
2023-12-23,23147,6,7,19,33,34,3,8
2023-12-20,23146,14,18,19,26,31,2,7
2023-12-18,23145,6,10,12,32,33,6,7
2023-12-16,23144,5,14,18,25,35,1,10
2023-12-13,23143,9,20,23,29,33,2,10
2023-12-11,23142,4,13,15,17,32,10,12
2023-12-09,23141,4,22,25,30,31,4,5
2023-12-06,23140,1,2,9,19,30,1,2
2023-12-04,23139,15,16,25,31,34,5,9
2023-12-02,23138,7,12,20,28,31,9,10
2023-11-29,23137,4,19,21,30,31,6,12
2023-11-27,23136,13,23,27,30,34,6,9
2023-11-25,23135,5,18,22,28,29,9,12
2023-11-22,23134,10,15,22,27,33,1,12
2023-11-20,23133,10,18,25,28,33,5,11
2023-11-18,23132,3,4,12,15,23,2,6
2023-11-15,23131,3,7,21,22,24,6,7
2023-11-13,23130,13,20,27,29,30,1,7
2023-11-11,23129,9,23,25,27,33,6,12
2023-11-08,23128,1,5,7,12,13,2,6
2023-11-06,23127,4,7,8,18,19,2,6
2023-11-04,23126,7,12,17,26,34,2,6
2023-11-01,23125,7,25,26,29,32,2,8
2023-10-30,23124,6,18,23,27,32,6,10
2023-10-28,23123,2,14,16,28,30,2,7
2023-10-25,23122,1,7,9,25,29,10,12
2023-10-23,23121,5,11,15,23,33,1,9
2023-10-21,23120,2,8,16,31,34,1,10
2023-10-18,23119,4,8,10,14,21,4,10
2023-10-16,23118,6,7,13,25,33,5,8
2023-10-14,23117,5,7,15,18,20,3,4
2023-10-11,23116,1,3,9,18,29,4,9
2023-10-09,23115,7,10,23,31,34,2,10
2023-10-07,23114,2,25,27,30,35,1,10
2023-09-30,23113,6,8,30,32,33,3,10
2023-09-27,23112,1,11,17,22,27,2,9
2023-09-25,23111,3,12,15,28,35,2,12
2023-09-23,23110,4,9,11,13,17,7,8
2023-09-20,23109,1,12,21,22,31,2,9
2023-09-18,23108,5,6,17,30,32,2,8
2023-09-16,23107,1,12,15,16,18,3,10
2023-09-13,23106,16,24,26,28,31,1,6
2023-09-11,23105,7,8,19,20,25,2,11
2023-09-09,23104,6,15,16,32,33,8,10
2023-09-06,23103,8,11,19,31,32,8,11
2023-09-04,23102,2,4,7,16,33,7,11
2023-09-02,23101,6,14,16,17,28,7,10
2023-08-30,23100,4,6,13,19,35,9,11
2023-08-28,23099,9,11,13,22,23,6,7
2023-08-26,23098,2,7,15,30,34,5,9
2023-08-23,23097,6,7,18,20,22,3,9
2023-08-21,23096,6,7,14,21,31,3,10
2023-08-19,23095,8,19,28,32,34,3,7
2023-08-16,23094,12,19,22,28,32,8,12
2023-08-14,23093,11,14,17,19,21,1,5
2023-08-12,23092,3,16,21,26,32,3,12
2023-08-09,23091,6,16,18,28,29,7,11
2023-08-07,23090,8,11,12,19,35,11,12
2023-08-05,23089,3,12,20,26,35,2,12
2023-08-02,23088,8,14,16,22,24,9,12
2023-07-31,23087,3,4,16,19,24,4,5
2023-07-29,23086,3,11,15,20,35,7,11
2023-07-26,23085,11,12,26,31,35,5,7
2023-07-24,23084,3,5,8,24,32,7,8
2023-07-22,23083,13,15,21,25,32,9,10
2023-07-19,23082,2,8,9,15,20,3,9
2023-07-17,23081,5,6,23,28,35,7,10
2023-07-15,23080,1,2,9,16,30,1,11
2023-07-12,23079,6,8,26,29,34,5,8
2023-07-10,23078,2,3,6,26,27,7,8
2023-07-08,23077,5,16,18,26,35,3,6
2023-07-05,23076,8,9,11,26,34,2,7
2023-07-03,23075,7,17,20,23,32,5,11
2023-07-01,23074,3,13,22,29,34,2,9
2023-06-28,23073,15,25,28,30,35,8,10
2023-06-26,23072,5,6,9,11,14,2,4
2023-06-24,23071,2,11,12,32,34,10,12
2023-06-21,23070,10,26,29,32,33,3,11
2023-06-19,23069,8,20,21,25,32,5,7
2023-06-17,23068,21,22,24,27,31,7,8
2023-06-14,23067,2,28,30,33,35,2,10
2023-06-12,23066,6,11,13,30,32,1,3
