zone,number,appearances,appear_rate,current_omission,max_omission,avg_omission,class
front,1,63,0.126,1,34,6.8,冷
front,2,72,0.144,0,23,6.0,温
front,3,86,0.172,1,29,4.8,热
front,4,70,0.14,0,28,5.9,温
front,5,78,0.156,1,36,5.4,热
front,6,80,0.16,0,32,5.3,热
front,7,76,0.152,5,31,5.5,热
front,8,78,0.156,17,34,5.2,热
front,9,79,0.158,12,32,5.2,热
front,10,78,0.156,0,44,5.4,热
front,11,74,0.148,0,26,5.8,温
front,12,83,0.166,4,21,5.0,热
front,13,64,0.128,29,32,6.5,冷
front,14,69,0.138,4,31,6.2,温
front,15,71,0.142,9,26,5.9,温
front,16,76,0.152,4,30,5.5,温
front,17,60,0.12,2,35,7.3,冷
front,18,71,0.142,12,27,5.8,温
front,19,69,0.138,15,28,5.8,冷
front,20,72,0.144,14,45,5.8,温
front,21,78,0.156,5,29,5.4,热
front,22,81,0.162,1,20,5.2,热
front,23,60,0.12,30,26,6.8,冷
front,24,54,0.108,3,41,8.3,冷
front,25,67,0.134,3,21,6.5,冷
front,26,82,0.164,2,37,5.1,热
front,27,70,0.14,4,33,6.1,温
front,28,73,0.146,7,22,5.8,温
front,29,77,0.154,2,29,5.5,热
front,30,60,0.12,8,37,7.3,冷
front,31,59,0.118,13,33,7.3,冷
front,32,69,0.138,10,29,6.2,冷
front,33,68,0.136,8,31,6.3,冷
front,34,70,0.14,4,34,6.1,温
front,35,63,0.126,3,33,7.0,冷
back,1,91,0.182,0,21,4.5,热
back,2,91,0.182,10,24,4.4,热
back,3,70,0.14,1,32,6.2,冷
back,4,74,0.148,4,28,5.7,冷
back,5,97,0.194,18,19,4.0,热
back,6,74,0.148,7,27,5.6,冷
back,7,92,0.184,3,28,4.4,热
back,8,88,0.176,4,24,4.7,温
back,9,87,0.174,1,21,4.7,温
back,10,88,0.176,0,29,4.7,温
back,11,73,0.146,12,36,5.7,冷
back,12,75,0.15,8,24,5.6,温
